ID;Source Name;Source Tier;Source URL;Theme;Section Heading;Paragraph Text;Complexity Label (1-3);Lexical Complexity Notes;Syntactic Complexity Notes;Cohesion Notes;Navigational Notes;Overall Justification
1;GOV.UK - Appeal Asylum Support Decision;Central Government;https://www.gov.uk/appeal-first-tier-asylum-support-tribunal;Financial Support;Help you can get;You may want to get help and advice before you appeal. Contact theAsylum Support Appeals Projectfor free advice and legal representation if you have an appeal at the First-tier Tribunal (Asylum Support). You can contactBritish Red Cross,Refugee ActionandRefugee Councilfor advice and support - they may be able to find another organisation near to you. You can alsoget other legal advice, including from a lawyer.;2;;;;;
2;GOV.UK - Appeal Asylum Support Decision;Central Government;https://www.gov.uk/appeal-first-tier-asylum-support-tribunal;Financial Support;Overview;You can appeal to the First-tier Tribunal (Asylum Support) if: • you’ve applied forasylum supportand been turned down • you were claiming asylum support and it’s been stopped The tribunal must receive your appeal within 3 days of you getting the letter about the decision - you may be able to carry on claiming asylum support (if you were already getting it) while you appeal. The tribunal is independent of government. A judge will listen to both sides of the argument before making a decision. There’s a different way toappeal against a visa or immigration decisionif you’ve been refused permission to live in the UK.;2;;;;;
3;GOV.UK - Asylum Helplines;Central Government;https://www.gov.uk/asylum-helplines;General Orientation;Asylum helplines;Get help by phone if you’re an asylum applicant or refugee and you need advice about the asylum process or adapting to life in the UK.;1;;;;;
4;GOV.UK - Asylum Helplines;Central Government;https://www.gov.uk/asylum-helplines;General Orientation;What the helplines are for;The asylum helplines can help with: • housing problems • questions about financial support • dealing with agencies, such as social services • finding English language classes • questions about asylum support • getting legal representation • finding schools • building a life in the UK if you’re given permission to stay here • returning home They may also be able to help if you’re: • threatened or harmed by someone because of your race • threatened or harmed by a member of your family • the victim of a crime • a witness to a crime Charities run the helplines. They do not make decisions on asylum applications.;1;;;;;
5;GOV.UK - Asylum Helplines;Central Government;https://www.gov.uk/asylum-helplines;General Orientation;Who can use the helplines;You can use the helplines if: • you’re an asylum seeker and you’ve just arrived in the UK • you’ve just received the decision on your asylum application • you’ve been successful in your asylum application and are building a new life in the UK;1;;;;;
6;GOV.UK - Asylum Helplines;Central Government;https://www.gov.uk/asylum-helplines;General Orientation;Who to contact;Call Migrant Help UK if you’re an adult asylum seeker or the dependant of an adult asylum seeker. Migrant Help UKTelephone: 0808 801 0503Monday to Friday, 8am to 8pm(24-hour service for emergencies) Calls to this number are free. Get help through the Migrant Help UK webchatFill in the Migrant Help UK contact form Contact the Refugee Council if you’re a child in England on your own and applying for asylum. Refugee CouncilTelephone: 0808 175 3499WhatsApp: 07888 866615 (messaging only)Monday to Friday, 8:30am to 5:30pm It’s free to contact these numbers. If you’re a child in Scotland or Wales, you can contact: • theScottish Refugee Councilif you’re in Scotland • theWelsh Refugee Councilif you’re in Wales;1;;;;;
7;GOV.UK - Asylum Support - Eligibility;Central Government;https://www.gov.uk/asylum-support/eligibility;Benefits Eligibility;Eligibility;You can apply for asylum support if you’re homeless or do not have money to buy food.;1;;;;;
8;GOV.UK - Asylum Support - Eligibility;Central Government;https://www.gov.uk/asylum-support/eligibility;Benefits Eligibility;If you’ve been refused asylum;You can ask for the following if you’re homeless, do not have any money to buy food and you can show that there’s a reason why you cannot leave the UK yet: • short-term housing • help with prescriptions for medicine, dental care for your teeth, eyesight tests and glasses • a payment card for food and toiletries You will not be given the payment card without the housing and you will not be given any cash.;2;;;;;
9;GOV.UK - Asylum Support - Further Info;Central Government;https://www.gov.uk/asylum-support/further-information;General Orientation;Appeal;You canappeal to the First-tier Tribunal (Asylum Support)if: • you’ve applied for asylum support and been turned down • you were claiming asylum support and it’s been stopped;1;;;;;
10;GOV.UK - Asylum Support - Further Info;Central Government;https://www.gov.uk/asylum-support/further-information;General Orientation;Contact asylum support;You can contact Migrant Help if your application for support has been refused or you have questions about your appeal against the decision. Migrant HelpTelephone: 0808 801 0503Monday to Friday, 8am to 8pm(24-hour service for emergencies)Find out about call charges;1;;;;;
11;GOV.UK - Asylum Support - How to Claim;Central Government;https://www.gov.uk/asylum-support/how-to-claim;Financial Support;Education for children;Contact your local council if you have children and want to: • apply for a primary school place • apply for a secondary school place;1;;;;;
12;GOV.UK - Asylum Support - How to Claim;Central Government;https://www.gov.uk/asylum-support/how-to-claim;Financial Support;Healthcare;Contact the free National Health Service (NHS) 111 service for help and advice with health problems when it’s not an emergency. NHS 111Telephone: 111Textphone: 18001 111 PhoneNHSHelp With Health Costs for help with prescriptions for medicine, dental care, eyesight tests and buying glasses. NHS Help With Health CostsTelephone: 0300 330 1343Find out about call charges;2;;;;;
13;GOV.UK - Asylum Support - How to Claim;Central Government;https://www.gov.uk/asylum-support/how-to-claim;Financial Support;Help and advice;Call one of theasylum helplinesto get free advice about the asylum process or adapting to life in the UK.;1;;;;;
14;GOV.UK - Asylum Support - How to Claim;Central Government;https://www.gov.uk/asylum-support/how-to-claim;Financial Support;Housing and cash support for asylum seekers;Apply usingform ASF1to claim housing and cash support. Send the form to the asylum support casework team. Asylum Support Casework TeamPO Box 471DoverCT16 9FN S95NewApplications@migranthelpuk.org You might be able to apply for additional support if the general allowance will not cover your needs. You’ll have to show that you cannot meet your needs in any other way. Read theguidance on additional support. Fill in formASF2and contact the Asylum Support Application Service. The details are on the form. Call anasylum helplinefor help with applications.;3;;;;;
15;GOV.UK - Asylum Support - How to Claim;Central Government;https://www.gov.uk/asylum-support/how-to-claim;Financial Support;If you’re refused asylum;You must return to your country as soon as possible if you’re refused asylum. You can apply for short-term support usingform ASF1. You’ll need tocomplete a ‘section 4(2)’ medical declarationif you have a specific medical issue. You can alsoapply for additional help (section 4(2) support), for example: • medical appointments • getting your new baby’s birth certificate • maternity payments Read theguidance on section 4(2) support. Send all forms to the asylum support casework team by email or post. Asylum Support Casework TeamPO Box 471DoverCT16 9FN S4@migranthelpuk.org;3;;;;;
16;GOV.UK - Asylum Support - Overview;Central Government;https://www.gov.uk/asylum-support;Financial Support;Overview;You may be able to get housing and money to support you and your family while you’re waiting to find out if you’ll be given asylum. This also means your children will go to a free state school and you may get free healthcare from the National Health Service (NHS). You can stillapply for short-term supportif you’ve been refused asylum and are preparing to leave the UK. Call anasylum helplinefor free help with asylum support or short-term support.;2;;;;;
17;GOV.UK - Asylum Support - What You'll Get;Central Government;https://www.gov.uk/asylum-support/what-youll-get;Financial Support;Applying for the maternity grant;You apply for the maternity grant in the same way whether you’re still an asylum seeker or you’ve been refused asylum. You’ll need to request form MAT B1 from your doctor to apply for the payment. You can apply for the maternity payment at the same time you apply for asylum support. If you get pregnant after you’ve applied for asylum support, you can apply toMigrant Help.;3;;;;;
18;GOV.UK - Asylum Support - What You'll Get;Central Government;https://www.gov.uk/asylum-support/what-youll-get;Financial Support;Cash support;You’ll usually get £49.18 for each person in your household. This will help you pay for things you need like food, clothing and toiletries. Your allowance will be loaded onto a debit card (ASPEN card) each week. You’ll be able to use the card to get cash from a cash machine.;2;;;;;
19;GOV.UK - Asylum Support - What You'll Get;Central Government;https://www.gov.uk/asylum-support/what-youll-get;Financial Support;Education;Your children mustattend school if they are aged 5 to 17. All state schools are free and your children may be able to getfree school meals.;1;;;;;
20;GOV.UK - Asylum Support - What You'll Get;Central Government;https://www.gov.uk/asylum-support/what-youll-get;Financial Support;Extra money for mothers and young children;You’ll get extra money to buy healthy food if you’re pregnant or a mother of a child aged 3 or under. The amount you get will depend on your situation. [TABLE] Your situation | Extra payment per week // Pregnant mother | £5.25 // Baby under 1 year old | £9.50 // Child aged 1 to 3 | £5.25;1;;;;;
21;GOV.UK - Asylum Support - What You'll Get;Central Government;https://www.gov.uk/asylum-support/what-youll-get;Financial Support;Healthcare;You may get free National Health Service (NHS) healthcare, such as to see a doctor or get hospital treatment. You’ll also get: • free prescriptions for medicine • free dental care for your teeth • free eyesight tests • help paying for glasses;1;;;;;
22;GOV.UK - Asylum Support - What You'll Get;Central Government;https://www.gov.uk/asylum-support/what-youll-get;Financial Support;Housing;You’ll be given somewhere to live if you need it. This could be in a flat, house, hostel or bed and breakfast. You cannot choose where you live. It’s unlikely you’ll get to live in London or south-east England.;1;;;;;
23;GOV.UK - Asylum Support - What You'll Get;Central Government;https://www.gov.uk/asylum-support/what-youll-get;Financial Support;If you’ve been refused asylum but you’re still eligible for support;You’ll be given: • somewhere to live • £49.18 per person on a payment card for food, clothing and toiletries (or £9.95 per person if your accommodation provides your meals) You will not be given: • the payment card if you do not take the offer of somewhere to live;2;;;;;
24;GOV.UK - Asylum Support - What You'll Get;Central Government;https://www.gov.uk/asylum-support/what-youll-get;Financial Support;Maternity payment;You can apply for a one-off £300 maternity payment if your baby is due in 11 weeks or less, or if your baby is under 6 months old.;1;;;;;
25;GOV.UK - Asylum Support - What You'll Get;Central Government;https://www.gov.uk/asylum-support/what-youll-get;Financial Support;What you'll get;You can ask for somewhere to live, a cash allowance or both as an asylum seeker.;1;;;;;
26;GOV.UK - Claim Asylum in the UK;Central Government;https://www.gov.uk/claim-asylum;Immigration Status;Children applying on their own;You canapply as a child on your ownif you do not have an adult relative who is also claiming asylum.;1;;;;;
27;GOV.UK - Claim Asylum in the UK;Central Government;https://www.gov.uk/claim-asylum;Immigration Status;Help you can get;You canget helpwith: • getting legal representation for your asylum claim • living in the UK while you wait for your decision;1;;;;;
28;GOV.UK - Claim Asylum in the UK;Central Government;https://www.gov.uk/claim-asylum;Immigration Status;Overview;You must apply for asylum if you want to stay in the UK as a refugee. To be eligible, you must have left your country and be unable to go back because you fear persecution. Find out more about who is eligible to claim asylum. Apply for a visaif you want to come to the UK for another reason (for example to work, study or remain with family). If you’re already in the UK and want to remain with family living here,apply for a family of a settled person visa. You should apply when you arrive in the UK or as soon as you think it would be unsafe for you to return to your own country. Your application is more likely to be refused if you wait. When you apply you’ll havea meeting with an immigration officer(known as a ‘screening’). After your screeningthe Home Office will decide if your claim can be considered in the UK. If it can, you’ll have anasylum interviewwith a caseworker. You’ll be told when there’sa decision on your application. You can get up to 2 years in prison or have to leave the UK if you give false information on your application.;2;;;;;
29;GOV.UK - Claim Asylum in the UK;Central Government;https://www.gov.uk/claim-asylum;Immigration Status;Waiting for your decision;You’ll be toldafter your screeningwhat you must do while you’re waiting for your asylum decision, for example report to a caseworker regularly (known as ‘reporting events’). You must tell the authorities if your situation changes. You will not usually be allowed towork while your asylum claim is being considered.;2;;;;;
30;GOV.UK - Find a Job;Central Government;https://www.gov.uk/find-a-job;Employment & Right to Work;Find a job;Find and apply for full or part-time jobs in England, Scotland and Wales. This page is also availablein Welsh (Cymraeg). There is a different service to search forjobs in Northern Ireland.;1;;;;;
31;GOV.UK - Free School Meals;Central Government;https://www.gov.uk/apply-free-school-meals;Education & Training;Apply for free school meals;Check if your child can get free school meals in England and find out how to apply on your local authority’s website. There’s a different process to apply forfree school meals in Northern Ireland,free school meals in Scotland, orfree school meals in Wales. If your child is eligible for free school meals, they’ll also qualify for theHoliday Activity and Food Programme. Food vouchers may also be available through theHousehold Support Fund. Find out more bycontacting your local council. Find a postcode on Royal Mail's postcode finder Your child may be able to get free school meals if you get any of the following: • Universal Credit - if you apply on or after 1 April 2018 your household income must be £7,400 a year or less (after tax and not including any benefits you get) • income-related Employment and Support Allowance • support under Part VI of the Immigration and Asylum Act 1999 • the guaranteed element of Pension Credit Children who get paid these benefits directly, instead of through a parent or guardian, can also get free school meals. Your child may also get free school meals if you get any of these benefits and your child is both: • younger than thecompulsory age for starting school • in full-time education From the start of academic year 2026 to 2027, your child will qualify for free school meals if you get Universal Credit, regardless of household income. If you do not qualify for most benefits (also known as having ‘no recourse to public funds’), your child may still be eligible for free school meals. Ask their school or local authority whether they’re eligible.;3;;;;;
32;GOV.UK - Free School Meals;Central Government;https://www.gov.uk/apply-free-school-meals;Education & Training;Infant free school meals in England;Your child will be able to get free school meals if they’re in agovernment-funded schooland in: • reception class Tell your local authority if you also get any of the qualifying benefits. Your child’s school could get extra funding if you do.;2;;;;;
33;GOV.UK - Help with NHS Costs;Central Government;https://www.gov.uk/help-nhs-costs;Healthcare;Get help with NHS prescriptions and health costs;You might be able to get freeNHSprescriptions, dental treatment, eye tests and help with otherNHScosts. Whether you get help depends on things like: • where you live • if you get certain benefits • if you’re pregnant • if you have a medical condition Use this service to check what help you could get and how to apply. It usually takes 5 minutes to check. Start nowon the NHS website;1;;;;;
34;GOV.UK - Homelessness Help;Central Government;https://www.gov.uk/if-youre-homeless-at-risk-of-homelessness;Housing & Homelessness;Eligibility for assistance;If you live permanently in the UK, you’ll usually be eligible for assistance. If you’re from abroad, you may not be eligible because of your immigration status. For more information, checkShelter’s guide on housing rights.;1;;;;;
35;GOV.UK - Homelessness Help;Central Government;https://www.gov.uk/if-youre-homeless-at-risk-of-homelessness;Housing & Homelessness;Help if you’re homeless or about to become homeless;In England, your council must help if you’re legally homeless or will become homeless within the next 8 weeks. You can also gethelp if you’re homeless in Scotland,help if you’re homeless in Walesorhelp if you’re homeless in Northern Ireland. You may be legally homeless if: • you’ve no legal right to live in accommodation anywhere in the world • you cannot get into your home, for example your landlord has locked you out • it’s not reasonable to stay in your home, for example you’re at risk of violence or abuse • you’re forced to live apart from your family or people you normally live with because there’s no suitable accommodation for you • you’re living in very poor conditions such as overcrowding;2;;;;;
36;GOV.UK - Homelessness Help;Central Government;https://www.gov.uk/if-youre-homeless-at-risk-of-homelessness;Housing & Homelessness;Legal advice;You may be able to get free legal advice for housing problems including if you’re being evicted or you’ve been made homeless.Check if you can get legal aid. You can get advice from Civil Legal Advice, if you’re eligible, or you cansearch for a legal aid adviser.;2;;;;;
37;GOV.UK - Homelessness Help;Central Government;https://www.gov.uk/if-youre-homeless-at-risk-of-homelessness;Housing & Homelessness;Priority need;You may be in priority need if any of the following are true: • you or someone you live with is pregnant • ‘dependent children’ live with you (under 16s or under 19s if they’re studying full-time) • you’re 16 or 17 • you’re under 21 and were in care between the ages of 16 and 18 • you’re assessed by the council as vulnerable, for example as a result of old age, disability or domestic abuse • you’re homeless after a flood, fire or other disaster You may also be entitled toHousing BenefitorUniversal Creditto help with your housing costs.;2;;;;;
38;GOV.UK - Homelessness Help;Central Government;https://www.gov.uk/if-youre-homeless-at-risk-of-homelessness;Housing & Homelessness;What help you can get;There are different types of support your council could offer you. For example, they may offer you advice, emergency housing, support to find longer-term housing or help so you can stay in your home. The type of help you can get depends on: • your eligibility for assistance • if you’re in priority need • what caused you to become homeless;2;;;;;
39;GOV.UK - Housing Benefit - Eligibility;Central Government;https://www.gov.uk/housing-benefit/eligibility;Benefits Eligibility;Eligibility;Housing Benefit can help you pay your rent if you’re unemployed, on a low income or claiming benefits. It’s being replaced by Universal Credit. You can only make a new claim for Housing Benefit if either of the following apply: • you have reachedState Pension age • you’re in supported, sheltered or temporary housing This guide is also availablein Welsh (Cymraeg).;2;;;;;
40;GOV.UK - Housing Benefit - Eligibility;Central Government;https://www.gov.uk/housing-benefit/eligibility;Benefits Eligibility;If you’re in supported, sheltered or temporary housing;You can make a new claim if: • you’re living in temporary accommodation, such as a B&B arranged by your council • you’re living in a refuge for survivors of domestic abuse • you’re living in sheltered or supported housing (such as a hostel) which provides you with ‘care, support or supervision’ If you do not get ‘care, support or supervision’ through your supported or sheltered housing, you can apply forUniversal Credit to help with housing costs. If you’re in supported, sheltered or temporary housing, you can apply for Universal Credit to help with other living costs.;3;;;;;
41;GOV.UK - Housing Benefit - Eligibility;Central Government;https://www.gov.uk/housing-benefit/eligibility;Benefits Eligibility;If you’re over State Pension age and have an existing claim;Your existing claim will not be affected if, before 15 May 2019, you: • were getting Housing Benefit • had reached State Pension age It does not matter if your partner is under State Pension age. If your circumstances change and your Housing Benefit is stopped, you cannot start getting it again unless you and your partner are eligible to make a new claim. You canapply for Universal Creditif you’re not eligible.;3;;;;;
42;GOV.UK - Housing Benefit - Eligibility;Central Government;https://www.gov.uk/housing-benefit/eligibility;Benefits Eligibility;If you’re over State Pension age and live with your partner;You can make a new claim for Housing Benefit if any of the following apply: • you and your partner have both reached State Pension age • one of you has reached State Pension age and started claiming Pension Credit (for you as a couple) before 15 May 2019 • you’re in supported, sheltered or temporary housing;3;;;;;
43;GOV.UK - Housing Benefit - Eligibility;Central Government;https://www.gov.uk/housing-benefit/eligibility;Benefits Eligibility;When you may not be able to claim;Usually, you will not get Housing Benefit if: • your savings are over £16,000 - unless you get Guarantee Credit of Pension Credit • you’re paying a mortgage on your own home - you may be able to getSupport for Mortgage Interest (SMI) • you live in the home of a close relative • you’re already claimingUniversal Credit(unless you’re in temporary or supported housing) • you live with your partner and they are already claiming Housing Benefit • you’re a full-time student • you’re residing in the UK as aEuropean Economic Area (EEA)jobseeker • you’re an asylum seeker or sponsored to be in the UK • you’re subject to immigration control and your granted leave states that you cannot claim public funds • you’re a Crown Tenant • you’ve reached State Pension age but your live-in partner has not - unless you had an existing claim as a couple before 15 May 2019 You may be able to getother help with housing costs. If not, you’ll need toclaim Universal Creditinstead. Use abenefits calculatorto check if you can get Housing Benefit before you apply.;3;;;;;
44;GOV.UK - Housing Benefit - Overview;Central Government;https://www.gov.uk/housing-benefit;Housing & Homelessness;Eligibility;Housing Benefit can help you pay your rent if you’re unemployed, on a low income or claiming benefits. It’s being replaced by Universal Credit. You can only make a new claim for Housing Benefit if either of the following apply: • you have reachedState Pension age • you’re in supported, sheltered or temporary housing This guide is also availablein Welsh (Cymraeg).;2;;;;;
45;GOV.UK - Housing Benefit - Overview;Central Government;https://www.gov.uk/housing-benefit;Housing & Homelessness;If you’re in supported, sheltered or temporary housing;You can make a new claim if: • you’re living in temporary accommodation, such as a B&B arranged by your council • you’re living in a refuge for survivors of domestic abuse • you’re living in sheltered or supported housing (such as a hostel) which provides you with ‘care, support or supervision’ If you do not get ‘care, support or supervision’ through your supported or sheltered housing, you can apply forUniversal Credit to help with housing costs. If you’re in supported, sheltered or temporary housing, you can apply for Universal Credit to help with other living costs.;2;;;;;
46;GOV.UK - Housing Benefit - Overview;Central Government;https://www.gov.uk/housing-benefit;Housing & Homelessness;If you’re over State Pension age and have an existing claim;Your existing claim will not be affected if, before 15 May 2019, you: • were getting Housing Benefit • had reached State Pension age It does not matter if your partner is under State Pension age. If your circumstances change and your Housing Benefit is stopped, you cannot start getting it again unless you and your partner are eligible to make a new claim. You canapply for Universal Creditif you’re not eligible.;3;;;;;
47;GOV.UK - Housing Benefit - Overview;Central Government;https://www.gov.uk/housing-benefit;Housing & Homelessness;If you’re over State Pension age and live with your partner;You can make a new claim for Housing Benefit if any of the following apply: • you and your partner have both reached State Pension age • one of you has reached State Pension age and started claiming Pension Credit (for you as a couple) before 15 May 2019 • you’re in supported, sheltered or temporary housing;3;;;;;
48;GOV.UK - Housing Benefit - Overview;Central Government;https://www.gov.uk/housing-benefit;Housing & Homelessness;When you may not be able to claim;Usually, you will not get Housing Benefit if: • your savings are over £16,000 - unless you get Guarantee Credit of Pension Credit • you’re paying a mortgage on your own home - you may be able to getSupport for Mortgage Interest (SMI) • you live in the home of a close relative • you’re already claimingUniversal Credit(unless you’re in temporary or supported housing) • you live with your partner and they are already claiming Housing Benefit • you’re a full-time student • you’re residing in the UK as aEuropean Economic Area (EEA)jobseeker • you’re an asylum seeker or sponsored to be in the UK • you’re subject to immigration control and your granted leave states that you cannot claim public funds • you’re a Crown Tenant • you’ve reached State Pension age but your live-in partner has not - unless you had an existing claim as a couple before 15 May 2019 You may be able to getother help with housing costs. If not, you’ll need toclaim Universal Creditinstead. Use abenefits calculatorto check if you can get Housing Benefit before you apply.;3;;;;;
49;GOV.UK - Jobcentre Plus;Central Government;https://www.gov.uk/contact-jobcentre-plus;Employment & Right to Work;Contact your nearest Jobcentre Plus;If you want to contact your nearest office, you can find their details using thelocal office search. You can write to your nearest office by using their address from the local office search. Their address will also be on any letters you’ve been sent.;1;;;;;
50;GOV.UK - Jobcentre Plus;Central Government;https://www.gov.uk/contact-jobcentre-plus;Employment & Right to Work;How to contact Jobcentre Plus;You can contact Jobcentre Plus about: • new benefit claims • existing benefit claims • changing or cancelling an appointment This guide is also availablein Welsh (Cymraeg).;1;;;;;
51;GOV.UK - Jobcentre Plus;Central Government;https://www.gov.uk/contact-jobcentre-plus;Employment & Right to Work;If you’re in Northern Ireland;For Jobseeker’s Allowance (JSA), contact yourJobs and Benefits office. For Employment and Support Allowance (ESA), contact theESACentre.;2;;;;;
52;GOV.UK - Universal Credit - Eligibility;Central Government;https://www.gov.uk/universal-credit/eligibility;Benefits Eligibility;Claiming if you’re 16 or 17;You can make a claim for Universal Credit if any of the following apply: • you have a health condition or disability and have medical evidence for it, such as a fit note • you’re caring for someone who gets a health or disability-related benefit • a medical professional has said you’renearing the end of life • you’re responsible for a child • you live with your partner, have responsibility for a child and your partner is eligible for Universal Credit • you’re pregnant and expecting your baby in the next 11 weeks • you’ve had a baby in the last 15 weeks • you do not have parental support, for example you do not live with your parents and are not under local authority care;2;;;;;
53;GOV.UK - Universal Credit - Eligibility;Central Government;https://www.gov.uk/universal-credit/eligibility;Benefits Eligibility;Eligibility;You may be able to get Universal Credit if you’re on a low income or need help with your living costs. You could be: • working (including self-employed or part time) • unable to work, for example because of a health condition To claim you must: • live in the UK • be aged 18 or over (there are some exceptions if you’re 16 to 17) • be underState Pension age • have £16,000 or less inmoney, savings and investments You canuse a benefits calculatorto check what benefits you could get.;2;;;;;
54;GOV.UK - Universal Credit - Eligibility;Central Government;https://www.gov.uk/universal-credit/eligibility;Benefits Eligibility;If one of you has reached State Pension age;If only one of you has reachedState Pension age, you and your partner can still claim Universal Credit as a couple. Your Universal Credit claim will stop when you both reach State Pension age. If you’re getting Pension Credit, it will stop if you or your partner make a claim for Universal Credit. You’ll usually be better off staying on Pension Credit. You can check using abenefits calculator.;2;;;;;
55;GOV.UK - Universal Credit - Eligibility;Central Government;https://www.gov.uk/universal-credit/eligibility;Benefits Eligibility;If you have a disability or health condition;If you havea health condition that affects your ability to workyou might get extra money for Universal Credit.;1;;;;;
56;GOV.UK - Universal Credit - Eligibility;Central Government;https://www.gov.uk/universal-credit/eligibility;Benefits Eligibility;If you live with your partner;You will both need to claim Universal Credit. You must make a joint claim for your household, even if your partner is not eligible. How much you can get will depend on your partner’s income and savings, as well as your own.;1;;;;;
57;GOV.UK - Universal Credit - Eligibility;Central Government;https://www.gov.uk/universal-credit/eligibility;Benefits Eligibility;If you’re an EU,EEAor Swiss citizen;You and your family might also need settled or pre-settled status under the EU Settlement Scheme to get Universal Credit.Check if you can still apply to the EU Settlement Scheme.;2;;;;;
58;GOV.UK - Universal Credit - Eligibility;Central Government;https://www.gov.uk/universal-credit/eligibility;Benefits Eligibility;If you’re in the armed forces;If you’re in the armed forces and stationed abroad, you can apply for Universal Credit. You’ll need touse a specific address when you apply.;2;;;;;
59;GOV.UK - Universal Credit - Eligibility;Central Government;https://www.gov.uk/universal-credit/eligibility;Benefits Eligibility;If you’re studying or in training;You can make a claim for Universal Credit if you’re in full-time education and any of the following apply: • you live with your partner and they’re eligible for Universal Credit • you’re responsible for a child, either as a single person or as a couple • you’ve reachedState Pension ageand live with a partner who is below State Pension age • you’ve received aMigration Notice letter telling you to move to Universal Credit You can also claim Universal Credit if you’re 21 or under, studying any qualification up to A level or equivalent and do not have parental support. You may be able to claim if you are studying part-time or doing a course for which no student loan or finance is available. Check theguidance about claiming Universal Credit as a student.;2;;;;;
60;GOV.UK - Universal Credit - Eligibility;Central Government;https://www.gov.uk/universal-credit/eligibility;Benefits Eligibility;Students with disabilities or health conditions;You can claim Universal Credit if you’re in full-time education, and have been assessed as having limited capability for work by a Work Capability Assessment before starting your course. You must also be entitled to any of the following: • Personal Independence Payment (PIP) • Disability Living Allowance (DLA) • Attendance Allowance • Armed Forces Independence Payment • Adult Disability Payment (ADP) in Scotland • Child Disability Payment (CDP) in Scotland • Pension Age Disability Payment (PADP) in Scotland • Scottish Adult Disability Living Allowance (SADLA) in Scotland;2;;;;;
61;GOV.UK - Universal Credit - How to Claim;Central Government;https://www.gov.uk/universal-credit/how-to-claim;Benefits Eligibility;After you apply;You’ll be given: • a case manager who will check your claim and help you manage your Universal Credit • a work coach if you need to look for work as part ofyour claimant commitment If they need to contact you, it will be in the first few weeks after you apply. They’ll send you journal messages in your online account. You’ll usually get a text or email if you get a new message. You need tosign in to your accountto check your journal and to-do list. You’ll never be asked to share personal information (such as bank details) in your journal, by phone, text or email. Find out how toavoid and report scams and phishing.;3;;;;;
62;GOV.UK - Universal Credit - How to Claim;Central Government;https://www.gov.uk/universal-credit/how-to-claim;Benefits Eligibility;Check if you’re better off on Universal Credit before you apply;If you already get benefits, you should work out if you’ll be better off before you or your partner claim Universal Credit. If you apply for Universal Credit those benefits might end and you will not be able to apply for them again, even if your application is not approved. To check if you’re better off, you can: • use abenefits calculator • contactthe Citizens Advice Help to Claim service • ask alocal benefits adviser;2;;;;;
63;GOV.UK - Universal Credit - How to Claim;Central Government;https://www.gov.uk/universal-credit/how-to-claim;Benefits Eligibility;Help to Claim;You can get free support from trained advisers to make a Universal Credit claim. They can help you with things like online applications or preparing for your first jobcentre appointment. The Help to Claim service is provided by Citizens Advice and is confidential. They will not share your personal information unless you agree. • Get Help to Claim if you live in England or Wales • Get Help to Claim if you live in Scotland;1;;;;;
64;GOV.UK - Universal Credit - How to Claim;Central Government;https://www.gov.uk/universal-credit/how-to-claim;Benefits Eligibility;Help with your claim;There are 2 ways to get help with your Universal Credit claim. You can either call the Universal Credit helpline or use the Help to claim service. Calls to the Universal Credit helpline are free.;1;;;;;
65;GOV.UK - Universal Credit - How to Claim;Central Government;https://www.gov.uk/universal-credit/how-to-claim;Benefits Eligibility;How to claim;You can apply for Universal Credit online. You need to create an account to make a claim. You must complete your claim within 28 days of creating your account or you will have to start again. Your claim starts on the date you submit it in your account. If you live with your partner, you will both need to create accounts. You’ll link them together when you claim. You cannot claim by yourself. If you cannot claim online, you can claim by phone through the Universal Credit helpline.;1;;;;;
66;GOV.UK - Universal Credit - How to Claim;Central Government;https://www.gov.uk/universal-credit/how-to-claim;Benefits Eligibility;If you could not make a claim;If you or your partner were delayed in making a claim through no fault of your own, you can backdate your claim by up to one month in certain circumstances. You may be able to backdate your claim if: • you have a disability • you’ve had health problems that stopped you from claiming earlier • the online service was not working and you claimed as soon as it was working again • you were getting a different benefit before and you were not told it was going to stop • you started a claim with a partner, but they did not complete their claim and now you’re claiming as a single person You can request to backdate your claim in yourUniversal Credit account, call the Universal Credit helpline or speak to your work coach. You may be asked to provide evidence.;2;;;;;
67;GOV.UK - Universal Credit - How to Claim;Central Government;https://www.gov.uk/universal-credit/how-to-claim;Benefits Eligibility;Universal Credit helpline;Universal Credit helplineTelephone: 0800 328 5644Welsh language: 0800 328 1744Relay UK(if you cannot hear or speak on the phone): 18001 then 0800 328 5644British Sign Language (BSL)video relay serviceif you’re on a computer - find out how touse the service on mobile or tabletMonday to Friday, 8am to 6pmFind out about call charges;1;;;;;
68;GOV.UK - Universal Credit - How to Claim;Central Government;https://www.gov.uk/universal-credit/how-to-claim;Benefits Eligibility;What you need to apply;To apply online you’ll need: • your bank, building society or credit union account details • an email address • access to a phone If you do not have these, you can call the Universal Credit helpline or go to a jobcentre. You can also get support from the Citizens Advice Help to Claim service. You’ll also have to prove your identity. You’ll need some identity documents for this, for example your: • driving licence • debit or credit card • payslip or P60 To complete your claim you will need to provide information about: • your housing, for example how much rent you pay • your earnings, for example payslips • yourNational Insurance number, if you have one • other benefits you get • any disability or health condition that affects your work • how much you pay for childcare if you want help with childcare costs • yoursavings and any investments, like shares or a property that you rent out You might need an appointment with the Universal Credit team if: • they need more information • you cannot verify your identity online You’ll be told if this appointment will be in a jobcentre or on the phone. You will have to go to a meeting to agree the activities inyour claimant commitmentbefore you can get your first payment.;2;;;;;
69;GOV.UK - Universal Credit - Overview;Central Government;https://www.gov.uk/universal-credit;Benefits Eligibility;If you already get other benefits;Universal Credit is replacing Housing Benefit and income-related Employment and Support Allowance (ESA). If you’re getting these benefits, you do not need to do anything unless either: • your circumstances change • you get a letter called a ‘Migration Notice’ telling you that you must claim Universal Credit If you get a Migration Notice, you mustmove to Universal Creditby the deadline date in your letter to keep getting financial support. You’ll stop getting these benefits when you or your partner claim Universal Credit. If you or your partner gets Pension Credit, this will also stop if one of you claims Universal Credit. You’ll continue getting any other benefits you already receive, such as Personal Independence Payment (PIP) or Carer’s Allowance. If you getcertain other benefits at the same time as Universal Credit, the amount of Universal Credit you receive will be reduced.;3;;;;;
70;GOV.UK - Universal Credit - Overview;Central Government;https://www.gov.uk/universal-credit;Benefits Eligibility;What Universal Credit is;Universal Credit is a payment to help with your living costs. It’s paid monthly - ortwice a month for some people in Scotland. You may be able to get it if you’re on a low income, out of work or you cannot work. This guide is also availablein Welsh (Cymraeg)and in aneasy read format. If you live in Northern Ireland, go toUniversal Credit in Northern Ireland.;1;;;;;
71;GOV.UK - Universal Credit - What You'll Get;Central Government;https://www.gov.uk/universal-credit/what-youll-get;Financial Support;Benefits that affect how much Universal Credit you get;You can get Universal Credit at the same time as other benefits. Your Universal Credit payment will be reduced by an amount equal to the other benefit’s payment. This applies when you get Universal Credit and any of the following benefits: • Armed Forces Pensions • Carer’s Allowance • Carer Support Payment (Scotland) • Incapacity Benefit • Industrial Injuries Disablement Benefit (excluding any increases where constant attendance is needed and for exceptionally severe disablement) • Maternity Allowance • New Style Employment and Support Allowance • New Style Jobseeker’s Allowance • Severe Disablement Allowance • State Pension • Widowed Mother’s Allowance • Widowed Parent’s Allowance;2;;;;;
72;GOV.UK - Universal Credit - What You'll Get;Central Government;https://www.gov.uk/universal-credit/what-youll-get;Financial Support;Childcare costs;You can claim back up to 85% of your childcare costs if you’re working. If you live with your partner both of you need to be working, unless one of you is unable to work due to a disability or health condition. The childcare needs to be from a registered provider. You can get help paying for childcare including nurseries, childminders, breakfast clubs, after school care and holiday clubs. The most you can get each month is: • £1,071.09 for one child • £1,836.16 for 2 or more children You need to pay your childcare costs up front and claim the money back as part of your payment. You can get support to help you pay your childcare costs up front. Talk to your work coach after you’ve made your claim. Read more aboutchildcare costs and Universal Credit.;2;;;;;
73;GOV.UK - Universal Credit - What You'll Get;Central Government;https://www.gov.uk/universal-credit/what-youll-get;Financial Support;Extra amounts;You may get more money on top of your standard allowance if you’re eligible. You will need toreport changeswhen you become eligible for an extra amount. They are not added automatically. For example, if you become a carer you need to tell DWP. The carer’s element of Universal Credit is not automatically applied if you start getting Carer’s Allowance.;3;;;;;
74;GOV.UK - Universal Credit - What You'll Get;Central Government;https://www.gov.uk/universal-credit/what-youll-get;Financial Support;Housing costs;You could get money to help pay yourhousing costs. The payment can cover rent and some service charges. If you’re a homeowner, you might be able to get aloan to help with interest paymentson your mortgage.;2;;;;;
75;GOV.UK - Universal Credit - What You'll Get;Central Government;https://www.gov.uk/universal-credit/what-youll-get;Financial Support;If you care for someone who gets a health or disability-related benefit;You could get an extra amount known as a ‘carer’s element’. This is added to your Universal Credit if you care for someone who gets one of the following benefits: • Adult Disability Payment – standard or enhanced award • Armed Forces Independence Payment • Attendance Allowance • Child Disability Payment – middle or highest care award • Constant Attendance Allowance- full day rate, intermediate rate or exceptional rate with Industrial Injuries Disablement Benefit • Constant Attendance Allowance- full day rate with a War Disablement Pension • Disability Living Allowance – middle or highest care rate • Personal Independence Payment – either rate of the daily living part You need to provide care for them for at least 35 hours a week. You’ll get an extra monthly amount of £209.34. If you live with your partner and you both care for the same person, you’ll only get one extra monthly amount. You may also be eligible forCarer’s Allowance. This is on top of any extra amount you get if you have a disabled child. If you are getting an extra amount because you have limited capability for work and work related activity (LCWRA), you cannot also get the carer’s element. If the person you care for gets the severe disability premium, it will stop when you claim the carer’s element of Universal Credit.;3;;;;;
76;GOV.UK - Universal Credit - What You'll Get;Central Government;https://www.gov.uk/universal-credit/what-youll-get;Financial Support;If you have a disability or health condition;You might get an extra monthly amount if you cannot work because of a health condition, disability or long-term illness. [TABLE] How much you’ll get | Extra monthly amount // If you have a severe health condition or disability that’s unlikely to change or you are nearing the end of your life | £429.80 // If your health condition or disability is assessed as less severe or your condition may improve over time | £217.26 There are different rules ifyou reported a health condition before 6 April 2026. If you live with your partner and you both have limited capability for work and work-related activity, you’ll only get one extra monthly amount. You’ll get the higher amount if one of you is eligible for it. If you get the severe disability premium and you’re moving to Universal Credit, you might also be entitled to a ‘transitional protection’ payment. Read more abouthealth conditions, disability and Universal Credit.;3;;;;;
77;GOV.UK - Universal Credit - What You'll Get;Central Government;https://www.gov.uk/universal-credit/what-youll-get;Financial Support;If you have children;You’ll get £303.94 a month for each child that lives with you. If your first child was born before 6 April 2017, you’ll get an extra £47.94 a month for that child. You get money for each child until the 31 August after their: • 16th birthday • 19th birthday, if they’re in eligible education or training – for example, they’re studying for GCSEs, A levels, BTECs, Scottish Highers and SVQs or NVQs up to level 3;2;;;;;
78;GOV.UK - Universal Credit - What You'll Get;Central Government;https://www.gov.uk/universal-credit/what-youll-get;Financial Support;If your Universal Credit claim is reviewed;Your claim might be reviewed to make sure you’re getting the right payment and support. Find out more aboutUniversal Credit reviews.;1;;;;;
79;GOV.UK - Universal Credit - What You'll Get;Central Government;https://www.gov.uk/universal-credit/what-youll-get;Financial Support;If your child has a disability;You might get an extra monthly amount if any of your children are disabled. You’ll either get: • £164.79 - the lower amount • £514.71 - the higher amount The higher amount is for a child who: • gets the highest rate of the care component ofDisability Living Allowance (DLA) for children • gets the higher rate of the daily living part ofPersonal Independence Payment (PIP) • is blind or severely sight impaired The lower amount is for a child who gets any other rate of either DLA for children, or PIP.;2;;;;;
80;GOV.UK - Universal Credit - What You'll Get;Central Government;https://www.gov.uk/universal-credit/what-youll-get;Financial Support;Money taken off your payment;Your payments might be reduced if any of the following apply: • you are paying back an advance on a Universal Credit payment you are paying back an advance on a Universal Credit payment • you would get above theamount limited by the benefit cap you would get above theamount limited by the benefit cap • you’ve been overpaid benefits in the past you’ve been overpaid benefits in the past • you owe money for Council Tax, court fines, electricity, gas, water or Child Maintenance you owe money for Council Tax, court fines, electricity, gas, water or Child Maintenance • you pay your gas or electricity bill directly from your Universal Credit payment you pay your gas or electricity bill directly from your Universal Credit payment • you have apaid job you have apaid job • you have other income – for example, money from pensions or certain other benefits you have other income – for example, money from pensions or certain other benefits • you have more than £6,000 inmoney, savings and investments you have more than £6,000 inmoney, savings and investments If you have over £6,000 in money, savings and investments, your payment will be reduced by £4.35 for every £250 you have between £6,000 and £16,000. Another £4.35 is taken off for any remaining amount that is not a complete £250. Find out more aboutmoney taken off your Universal Credit payment.;3;;;;;
81;GOV.UK - Universal Credit - What You'll Get;Central Government;https://www.gov.uk/universal-credit/what-youll-get;Financial Support;Moving to Universal Credit from other benefits;If you’ve applied for Universal Credit, you’ll keep getting your current benefit paid for 2 more weeks. You must still be eligible for your current benefit. This only applies if you’re getting income-related Employment and Support Allowance or Housing Benefit. You will not need to pay back the extra payments and they will not affect the Universal Credit you might get. If you’ve received a Migration Notice letter telling you to claim Universal Credit, you might also get a‘transitional protection’ payment.;2;;;;;
82;GOV.UK - Universal Credit - What You'll Get;Central Government;https://www.gov.uk/universal-credit/what-youll-get;Financial Support;Other support you could get;If you receive Universal Credit you may also be able to getother financial supportdepending on your circumstances.;1;;;;;
83;GOV.UK - Universal Credit - What You'll Get;Central Government;https://www.gov.uk/universal-credit/what-youll-get;Financial Support;Standard allowance;You’ll get one standard allowance for your household. [TABLE] How much you’ll get | Monthly standard allowance // If you’re single and under 25 | £338.58 // If you’re single and 25 or over | £424.90 // If you live with your partner and you’re both under 25 | £528.34 (for you both) // If you live with your partner and either of you are 25 or over | £666.97 (for you both);1;;;;;
84;GOV.UK - Universal Credit - What You'll Get;Central Government;https://www.gov.uk/universal-credit/what-youll-get;Financial Support;What you'll get;Universal Credit ispaid monthly. How much you get depends on: • your standard allowance • any extra amounts that apply to you • any money taken off your payment • if you’re working,how much you earn See how much you could get by using abenefits calculator.;1;;;;;
85;GOV.UK - Universal Credit - Your Responsibilities;Central Government;https://www.gov.uk/universal-credit/your-responsibilities;Benefits Eligibility;If you already get other benefits;Universal Credit is replacing Housing Benefit and income-related Employment and Support Allowance (ESA). If you’re getting these benefits, you do not need to do anything unless either: • your circumstances change • you get a letter called a ‘Migration Notice’ telling you that you must claim Universal Credit If you get a Migration Notice, you mustmove to Universal Creditby the deadline date in your letter to keep getting financial support. You’ll stop getting these benefits when you or your partner claim Universal Credit. If you or your partner gets Pension Credit, this will also stop if one of you claims Universal Credit. You’ll continue getting any other benefits you already receive, such as Personal Independence Payment (PIP) or Carer’s Allowance. If you getcertain other benefits at the same time as Universal Credit, the amount of Universal Credit you receive will be reduced.;3;;;;;
86;GOV.UK - Universal Credit - Your Responsibilities;Central Government;https://www.gov.uk/universal-credit/your-responsibilities;Benefits Eligibility;What Universal Credit is;Universal Credit is a payment to help with your living costs. It’s paid monthly - ortwice a month for some people in Scotland. You may be able to get it if you’re on a low income, out of work or you cannot work. This guide is also availablein Welsh (Cymraeg)and in aneasy read format. If you live in Northern Ireland, go toUniversal Credit in Northern Ireland.;2;;;;;
87;Birmingham Council - Asylum Support;Local Council;https://www.birmingham.gov.uk/info/50227/city_of_sanctuary/2512/asylum_support_in_birmingham;Financial Support;Be Active scheme;TheBe Active schemeprovides free fitness activities in our wellbeing centres for all Birmingham residents including: • group exercise classes • gym sessions at certain times during the day To get a membership card, asylum seekers need a letter on official letterhead paper confirming residential status and signed by the manager of your accommodation. Contact your local wellbeing centre to find out more and book an appointment to become a Be Active member. Find locations and contact details for wellbeing centres with the Be Active scheme;2;;;;;
88;Birmingham Council - Asylum Support;Local Council;https://www.birmingham.gov.uk/info/50227/city_of_sanctuary/2512/asylum_support_in_birmingham;Financial Support;Drop-in:;• Days and times: Monday, Tuesday, Thursday, and Friday from 9:00am to 1:00pm. • Place: Refugee and Migrant Centre, Second Floor, Chamberlain Building, 36 Frederick Street, Birmingham. B1 3HN.;1;;;;;
89;Birmingham Council - Asylum Support;Local Council;https://www.birmingham.gov.uk/info/50227/city_of_sanctuary/2512/asylum_support_in_birmingham;Financial Support;Learning English for adults – ESOL Hub;TheESOL hubprovides information about English classes for adults. It will help you find out what course you need and who can provide it. Email:help@esolhub.co.uk;1;;;;;
90;Birmingham Council - Asylum Support;Local Council;https://www.birmingham.gov.uk/info/50227/city_of_sanctuary/2512/asylum_support_in_birmingham;Financial Support;Local support for asylum seekers;As a City of Sanctuary, we welcome and support people seeking asylum. To prevent homelessness and promote resettlement and integration, we work with: • the Home Office • West Midlands Police • voluntary sector organisations • other local partners;2;;;;;
91;Birmingham Council - Asylum Support;Local Council;https://www.birmingham.gov.uk/info/50227/city_of_sanctuary/2512/asylum_support_in_birmingham;Financial Support;Migrant Advice Portal;Visit theMigrant Advice Portalfor advice about health, education, legal, and social issues. This website is fully translatable into most languages.;1;;;;;
92;Birmingham Council - Asylum Support;Local Council;https://www.birmingham.gov.uk/info/50227/city_of_sanctuary/2512/asylum_support_in_birmingham;Financial Support;Refugee and Migrant Centre;Visit theRefugee and Migrant Centrefor information, advice and guidance on immigration, housing or homelessness, benefits, education, and health.;1;;;;;
93;Birmingham Council - Asylum Support;Local Council;https://www.birmingham.gov.uk/info/50227/city_of_sanctuary/2512/asylum_support_in_birmingham;Financial Support;School attendance;All children under 16 years old must attend school. For advice about school places contact theschool admissions service: Email:admissions@birmingham.gov.uk Phone:0121 303 1888;1;;;;;
94;Birmingham Council - Asylum Support;Local Council;https://www.birmingham.gov.uk/info/50227/city_of_sanctuary/2512/asylum_support_in_birmingham;Financial Support;Warm Welcome Spaces;Warm Welcome Spacesprovide free, safe, and warm places where people can go if their house is too cold in winter. • charge your mobile device • use the internet • get advice and support;1;;;;;
95;Birmingham Council - Asylum Support p2;Local Council;https://www.birmingham.gov.uk/info/50227/city_of_sanctuary/2512/asylum_support_in_birmingham/2;Benefits Eligibility;Government support for asylum seekers;If you have claimed asylum and are awaiting a decision you can apply for financial support and housing from the UK Visas and Immigration (UKVI). The UKVI is part of the Home Office, a department of the UK Government. • UKVI is responsible for deciding on your asylum claim and providing you with accommodation and financial support while you are waiting. Migrant Help is a national service, funded by UKVI. • They provide free, independent advice and guidance to asylum seekers to help make claims for support and give general advice about the asylum process. You will need to contact them to make a claim for asylum support in the first instance. • visit theMigrant Help website • phone0808 8010 503 Calls are free, open 24/7 hours and 365 days each year, and accessible to all asylum seekers in the UK. For more organisations in Birmingham that support people seeking asylum, visit theMigrant Advice Portal.;2;;;;;
96;Birmingham Council - Asylum Support p3;Local Council;https://www.birmingham.gov.uk/info/50227/city_of_sanctuary/2512/asylum_support_in_birmingham/3;General Orientation;Help if your asylum claim is withdrawn;If your asylum claim has been withdrawn by the Home Office, and you will lose your support and Serco-managed accommodation, you can get help fromRefugee Action’s Care Project. • Email:CARE@refugee-action.org.uk;2;;;;;
97;Birmingham Council - Asylum Support p3;Local Council;https://www.birmingham.gov.uk/info/50227/city_of_sanctuary/2512/asylum_support_in_birmingham/3;General Orientation;In-person support;Drop‑in available on the same days in the morning at the Birmingham Centre. A staff member will speak to you and guide you.;1;;;;;
98;Birmingham Council - Asylum Support p3;Local Council;https://www.birmingham.gov.uk/info/50227/city_of_sanctuary/2512/asylum_support_in_birmingham/3;General Orientation;Online enquiry form;You can fill in theonline enquiry form to get help for yourself, a client, or a friend You will receive a reply by the next working day, except Wednesdays. To find out more,visit the Birmingham Sanctuary Hub website.;1;;;;;
99;Birmingham Council - Asylum Support p3;Local Council;https://www.birmingham.gov.uk/info/50227/city_of_sanctuary/2512/asylum_support_in_birmingham/3;General Orientation;Phone;Phone:0800 0663 444 • Open Monday, Tuesday, Thursday and Friday, 9:00am to 5:00pm. • Calls to 0800 numbers are free from most landlines and mobiles.;1;;;;;
100;Birmingham Council - Asylum Support p3;Local Council;https://www.birmingham.gov.uk/info/50227/city_of_sanctuary/2512/asylum_support_in_birmingham/3;General Orientation;Welcome to Birmingham – Support for newly granted refugees;If you have recently been granted refugee status, theRefugee and Migrant Centre (RMC) Sanctuary Hubcan help you settle and become confident in your new life. The hub offers free, expert support for people living in Birmingham.;2;;;;;
101;Birmingham Council - Asylum Support p3;Local Council;https://www.birmingham.gov.uk/info/50227/city_of_sanctuary/2512/asylum_support_in_birmingham/3;General Orientation;What support you can get;• Local orientation – Access to a ‘Welcome to Birmingham’ pack and guidance on settling in. • Housing – Guidance to help you find safe and long‑term accommodation. • Employment – Support to access training, courses and career pathways. • Education – Information on school places, adult learning and English language (ESOL) classes. • Financial independence (Universal Credit) – Help applying for benefits and understanding what you can receive. • Health and wellbeing – Support registering with the NHS and finding wellbeing services.;2;;;;;
102;Birmingham Council - City of Sanctuary;Local Council;https://www.birmingham.gov.uk/info/50227/city_of_sanctuary;General Orientation;City of Sanctuary;Offering a welcoming place of safety. Translate this website using Google Translate The Migrant Advice Portalis a translatable and interactive hub to get support and to better connect asylum, refugee and migrant services across Birmingham and the West Midlands. TheBirmingham ESOL Hubhelps speakers of other languages learn English in Birmingham and the surrounding areas. Try an online test to find out your level of English and then see which ESOL (English for speakers of other languages) centres can help you with your future. • About City of Sanctuary • What we do to support asylum seekers, refugees and migrants • Asylum support in Birmingham • Resettlement in Birmingham • Partnerships and Policy • Grant-funding opportunities • Information, guidance and resources for schools and colleges;2;;;;;
103;Coventry Council - Support for Refugees and Asylum Seekers;Local Council;https://www.coventry.gov.uk/immigration-asylum/support-refugees-asylum-seekers-1;General Orientation;How can I access this help?;If you are a refugee or asylum seeker in Coventry, please visit ourWelcome to Coventry websitewhich offers lots of useful information, including an interactive map, and translation into a wide range of languages Other useful contacts;1;;;;;
104;Coventry Council - Support for Refugees and Asylum Seekers;Local Council;https://www.coventry.gov.uk/immigration-asylum/support-refugees-asylum-seekers-1;General Orientation;How do we do this?;Education:We will help you to understand the education system and ensure children are in the classroom as fast as possible. Health:We will help you to understand the health care system and ensure that you are registered with a GP. Housing & Benefits: We can assist you to find private rented accommodation and if eligible, we can help you to apply for benefits. Employment:We offer support with finding employment, and information about training and volunteering. English classes: We have several ESOL (English for Speakers of Other Languages) classes so you can learn English in a relaxed and supportive environment. Everyday life:We offer support with many other things like British law, culture, social activities and young people.;2;;;;;
105;Coventry Council - Support for Refugees and Asylum Seekers;Local Council;https://www.coventry.gov.uk/immigration-asylum/support-refugees-asylum-seekers-1;General Orientation;Introduction to Our Coventry;As a city of Peace and Reconciliation, Coventry welcomes refugees and asylum seekers and offers support so they can: • Access the support that they are entitled to • Live healthy independent lives • Contribute their skills to Coventry;1;;;;;
106;Coventry Council - Support p2;Local Council;https://www.coventry.gov.uk/immigration-asylum/support-refugees-asylum-seekers-1/2;Financial Support;Welcome to Coventry website and app;Our'Welcome to Coventry' website and appis available in several languages. It provides useful information for new arrivals to Coventry. Areas include education, healthcare, employability and much more. Its interactive map allows you to find services near you. Follow the instructions on the app to download.;1;;;;;
107;Coventry Council - Support p3;Local Council;https://www.coventry.gov.uk/immigration-asylum/support-refugees-asylum-seekers-1/3;Housing & Homelessness;How do the schemes work?;TheUK Home Officeis responsible for setting the criteria under which people are resettled into the UK and oversees the schemes. TheUnited Nations High Commission for Refugees (UNHCR)submits potential cases for the Home Office to consider. Once a case has passed this initial stage, theInternational Organisation for Migration (IoM)will conduct a full medical examination. Case files including this information are then sent to participating local authorities for consideration on the grounds of medical needs, availability of accommodation, and the potential impact on local services.;3;;;;;
108;Coventry Council - Support p3;Local Council;https://www.coventry.gov.uk/immigration-asylum/support-refugees-asylum-seekers-1/3;Housing & Homelessness;How many people will come to Coventry?;The City Council has committed to resettling 125 people per year. This stems from the Home Secretary announcing on 17 June 2019 the government's commitment to resettle up to 5,000 of the world's most vulnerable refugees in the UK within the first year of the scheme. In recent times the pledge to resettle 125 individuals has been focused on supporting ARAP and ACRS clients. This effort is part of the UK Government's broader commitment to aiding Afghan nationals who collaborated with the UK government or are otherwise at risk under the Taliban regime. The scheme aims to provide safety and a fresh start for those fleeing Afghanistan, particularly those who have worked directly with British forces and now face significant threats.;3;;;;;
109;Coventry Council - Support p3;Local Council;https://www.coventry.gov.uk/immigration-asylum/support-refugees-asylum-seekers-1/3;Housing & Homelessness;Support for resettled refugees;TheSyrian Vulnerable People's Resettlement Schemewas announced by the Home Secretary on 29 January 2014. It is designed to provide assistance to Syrians who have fled to neighbouring countries as a result of the current crisis and who are particularly vulnerable. Coventryjoined the scheme in July 2014, and since then we have become one of theleading cities in the UKfor the resettlement of refugees. In October 2016 Coventry joined theVulnerable Children's Resettlement Scheme. This scheme focuses on the resettlement of vulnerable children and their immediate families from the Middle East and North Africa. This scheme is run in the same way as the Syrian VPR scheme. In March 2021, the VPRS and VCRS have been replaced by theUKRS. TheUK Resettlement Schemehas a geographical focus beyond the Middle East and North Africa region. In August 2021 the Afghan Relocations and Assistance Policy, (ARAP) was introduced to relocate and assist Afghan nationals who worked for or were associated with the UK government and military during their presence in Afghanistan. This scheme aims to offer protection and support to those who are at risk due to their connection with the UK. In January 2022 the government introduced the Afghan Citizens' Resettlement Scheme (ACRS) as part of the UK government's response to the humanitarian crisis in Afghanistan following the withdrawal of international forces. It specifically targets Afghan nationals who are at risk due to their association with the UK government, including interpreters, embassy staff, and others who supported British operations in Afghanistan. The scheme provides eligible individuals and their families with the opportunity to relocate to the UK, where they can access housing, healthcare, education, and other support services to help them rebuild their lives in safety. The ARAP and ACRS reflect the UK's commitment to fulfilling its duty of care to those who served alongside British forces in Afghanistan. As of May 2024,over 1300 refugeeshave been welcomed into the city under these schemes. We will continue to work closely with the United Nations High Commissioner for Refugees (UNHCR) and the International Organization for Migration (IOM) to target those in greatest need of assistance, including people requiring urgent medical treatment, survivors of violence and torture, and women and children at risk. UNHCR is uniquely placed to identify those living in formal refugee camps, informal settlements and host communities who would benefit most from resettlement to the UK. Coventry City Council leads a partnership of organisations throughout the city, in order to deliver this programme. Our key partners areCoventry Refugee and Migrant Centre,St Francis of Assisi Church (Radford),FWT - a centre for womenandPositive Youth Foundation.;3;;;;;
110;Coventry Council - Support p3;Local Council;https://www.coventry.gov.uk/immigration-asylum/support-refugees-asylum-seekers-1/3;Housing & Homelessness;What is the impact on housing and other services in Coventry?;The Home Office provides funding to secure private rented accommodation, ensuring that the City Council's existing housing stock is not utilized. As a result, social housing waiting lists remain unaffected. Coventry schools will receive a grant for each child attending under the resettlement schemes. This funding is designed to support the children's education and integration into the UK school system, while also mitigating any potential strain on school budgets. Due to the difficult situations that the families have experienced whilst fleeing their home countries, trauma support and other mental health support is offered to clients via a bespoke team ensuring that the wider city's resources are not impacted. Useful contacts;2;;;;;
111;Coventry Council - Support p4;Local Council;https://www.coventry.gov.uk/immigration-asylum/support-refugees-asylum-seekers-1/4;Benefits Eligibility;Job purpose;We will work with the Home Office to manage a caseload of asylum seekers supported under s.95 of the Asylum and Immigration Act 1999 and have had their asylum claim determined to provide a holistic support service by: • Providing advice, information and guidance to those granted asylum or other leave to remain in the UK on how to access mainstream service. For those asylum seekers awaiting a decision we will: • Advice clients on options they have depending on the outcome of their asylum claim. • Flag the support available if a positive decision is made on their asylum claim. The main duties of LAASLO's are: To support the successful integration of adults and families granted asylum by minimising rates of homelessness, rough sleeping, poor health, economic hardship and social isolation and improving proficiency in the English language. In order to enhance their integration, we will assess clients and provide advice and support during the 'move on' period on appropriate services covering: • English language • To work collaboratively with local statutory and Voluntary and Community Sector organisations by promoting their services and managing client referrals as appropriate. • To record all referrals made and work with statutory and voluntary and community sector organisations to track progress and monitor outcomes. • To take into account the benefit to the established resident community of activities and interventions taken. • To tailor the national approach to supporting successful new refugees by designing and agreeing on innovative interventions appropriate to the local area. Make a referral to LAASLOs;3;;;;;
112;Coventry Council - Support p4;Local Council;https://www.coventry.gov.uk/immigration-asylum/support-refugees-asylum-seekers-1/4;Benefits Eligibility;Objective;As part of our Migration Team, LAASLOs aim to facilitate the smooth transition for those granted refugee status from government-supported accommodation into mainstream services during their 28-day 'move on' period. LAASLOs also support to connect asylum seekers to available services whilst they live in the city and preparing them in advance for both a positive and negative decision from the asylum process and also offers advice and signposting for those asylum seekers receiving a negative decision on their asylum claim.;3;;;;;
113;Coventry Council - Support p4;Local Council;https://www.coventry.gov.uk/immigration-asylum/support-refugees-asylum-seekers-1/4;Benefits Eligibility;Partners;We will be working with internal and external partners such as Coventry Refugee and Migrant Centre, St Francis of Assisi Church, Coventry Law Centre, Foleshill Women's Training and others. For more information contactbuildingbridgesproject@coventry.gov.uk Useful contacts;1;;;;;
114;Coventry Council - Support p4;Local Council;https://www.coventry.gov.uk/immigration-asylum/support-refugees-asylum-seekers-1/4;Benefits Eligibility;Support for asylum seekers;Coventry City Council has a small team of Local Authority Asylum Support Liaison Officers (LAASLO's), funded by the Home Office, to support asylum seekers in Coventry.;1;;;;;
115;Coventry Council - Useful Contacts;Local Council;https://www.coventry.gov.uk/immigration-asylum/support-refugees-asylum-seekers-1/7;General Orientation;List of organisations and services;Address and contact number Brief description of services Coventry Refugee and Migrant Centre Norton House,Bird Street,Coventry,CV1 5FX024 7622 7254 Advice and advocacy: asylum and immigration issues, problems with benefits, money, housing.Advocacy including applications for European nationals and family members of European nationals, Children's, Art Therapy, ESOL Advice and advocacy: asylum and immigration issues, problems with benefits, money, housing. Advocacy including applications for European nationals and family members of European nationals, Children's, Art Therapy, ESOL Central England Law Centre Oakwood House,St Patrick's Street,Coventry,CV1 2JZ024 7666 4616 Oakwood House,St Patrick's Street,Coventry,CV1 2JZ Free legal advice and representation. Specialise in the following areas of law: Community Care, Discrimination, Employment, Family, Housing, Immigration and Asylum, Money and Debt, Public Law and Welfare Benefits. Free legal advice and representation. Specialise in the following areas of law: Community Care, Discrimination, Employment, Family, Housing, Immigration and Asylum, Money and Debt, Public Law and Welfare Benefits. Coventry Citizens Advice Coventry Citizens Advice Kirby House,Little Park Street,Coventry,CV1 2JZAdvice line open Monday Friday 10am - 4pm: 0800 144 8848 Advice line open Monday Friday 10am - 4pm: 0800 144 8848 Impartial advice and support on a wide range of issues.A number of projects including debt advice, saving money on energy bills, support for finding employment and training, housing and healthcare. Impartial advice and support on a wide range of issues. A number of projects including debt advice, saving money on energy bills, support for finding employment and training, housing and healthcare. Coventry Asylum and Refugee Action Group Peace House,311 Stoney Stanton Road,Coventry,CV6 5DS024 7666 4616 Community group run by asylum seekers, refugees, and volunteers. Weekly meetings to discuss a range of issues including accommodation, health care, legal aid, education, and shared experiences. Community group run by asylum seekers, refugees, and volunteers. Weekly meetings to discuss a range of issues including accommodation, health care, legal aid, education, and shared experiences. Foleshill Women's Training 70-72 Elmsdale Avenue,Coventry,CV6 6ES024 7663 7693 Education, training, healthcare and employment support for women in Coventry. Regular English, Maths and IT classes available, with on-site crèche facilities. Education, training, healthcare and employment support for women in Coventry. Regular English, Maths and IT classes available, with on-site crèche facilities. Authentic Centre Coventry Authentic Centre Coventry 7 Lamb Street,Coventry,CV1 4AE07513 812766help@awmuk.infoMon, Tues, Wed & Fri 9:30am – 4pmThurs – Telephone service only Mon, Tues, Wed & Fri 9:30am – 4pmThurs – Telephone service only Support groups, skills classes, drop-in services for those in need, community cafe The Roma Project Oakwood House,St Patrick's Street,Coventry,CV1 2JZ07722 555 899 Support for members of the Roma community in Coventry. Support for members of the Roma community in Coventry. Carriers of Hope Carriers of Hope Hillfields Evangelical Church,Waterloo Street,Coventry,CV1 5JS,Tuesdays 9am - 10.30amGeneral enquiries: Sue Sampson 024 7645 6356Baby equipment: Katie Wilson, 07809 367 517Furniture project: Catherine Norrish, 07939 437 159 Home visits, welcome baby bag visits, support with food, clothing and baby items. Furniture project also available. Home visits, welcome baby bag visits, support with food, clothing and baby items. Furniture project also available. City of Sanctuary City of Sanctuary Craig Muir024 7626 4264 Bringing together 78 organisations across Coventry who are committed to welcome and support those seeking sanctuary in our city. Bringing together 78 organisations across Coventry who are committed to welcome and support those seeking sanctuary in our city. BritishRed Cross St Peter's Centre,Charles Street,Coventry,CV1 5NPFridays 9am - 2pm0121 766 5444 Fridays 9am - 2pm Emergency food, clothes and small amounts of money for those facing severe hardship. Emergency food, clothes and small amounts of money for those facing severe hardship. St Francis Employability Links Road,Radford,CoventryCV6 3DQ07799 724908 Free English language classes for new starters, beginners and improvers. ESOL also provided for a small charge per session.Work club available Monday - Friday offering help and support for finding employment Free English language classes for new starters, beginners and improvers. ESOL also provided for a small charge per session. Work club available Monday - Friday offering help and support for finding employment Positive Youth Foundation Positive Youth Foundation The Techno Centre,Puma WayCoventryCV1 2TT024 7615 8550 Supporting Young People aged 8 - 25 with programmes relating to education, employments and training, healthy lifestyles, arts and culture, and social activities. Ashley Community Housing Ashley Community Housing 4 Queen Victoria RoadCoventryCV1 3JH024 7531 2470 Social Housing organisation that provides supported accommodation and tailored integration to refuges and vulnerable migrants.;1;;;;;
116;Coventry Council - Useful Contacts;Local Council;https://www.coventry.gov.uk/immigration-asylum/support-refugees-asylum-seekers-1/7;General Orientation;Useful contacts;Coventry has a wide range of organisations which provide support for Refugees and Newly Arrived Communities. Below is a list of organisations and services which you may find useful. Coventry City Council also has a Customer Service Centre on Broadgate Square, where advice and help can be sought on a wide range of issues including Housing Benefits, Housing, Council Tax and Social Care. More information can be found on theCustomer Service Centre page.;1;;;;;
117;Ealing Council - Help for Asylum Seekers and Refugees;Local Council;https://www.ealing.gov.uk/info/201320/cost_of_living_support_and_advice/3293/help_for_asylum_seekers_and_refugees;Financial Support;Access to food;TheHealthy Start Schemeprovides eligible parents money every month to purchase healthy food for their children and access free vitamins. There is a variety offood supportavailable across the borough.;1;;;;;
118;Ealing Council - Help for Asylum Seekers and Refugees;Local Council;https://www.ealing.gov.uk/info/201320/cost_of_living_support_and_advice/3293/help_for_asylum_seekers_and_refugees;Financial Support;Advice on how to save energy;If you or someone you know are living in accommodation and struggling to heat your homeNational Energy Actioncould provide help. They offer a range of advice and support directly to people in need. They have also developed a series ofmulti-lingual information leafletsto provide advice on how to save energy.;1;;;;;
119;Ealing Council - Help for Asylum Seekers and Refugees;Local Council;https://www.ealing.gov.uk/info/201320/cost_of_living_support_and_advice/3293/help_for_asylum_seekers_and_refugees;Financial Support;Education and childcare;"School places- all children can access full time primary, secondary and college education. Free education and childcare for two year olds- 15 hours a week on a discretionary basis; you must live in England and it depends on your household income and savings. Free early education and childcare for three and four year olds- 15 hours a week. All children of eligible age living in England, regardless of whether they or their parents have British citizenship or passport restrictions, are entitled to claim early education. Free school meals- If you are eligible, you can get free school meals for children during term time. Children and young people who are in school years Reception to Year 11 and are in receipt of benefits related to free school meals are also eligible for theHoliday Activity and Food Programme Learn Ealingoffers support to those wanting to improve their skills or qualifications, including learning English.";2;;;;;
120;Ealing Council - Help for Asylum Seekers and Refugees;Local Council;https://www.ealing.gov.uk/info/201320/cost_of_living_support_and_advice/3293/help_for_asylum_seekers_and_refugees;Financial Support;Getting online;There are a number of free initiatives to help youget onlineincluding access tofree mobile data, free internet access in libraries and free digital skills courses.;1;;;;;
121;Ealing Council - Help for Asylum Seekers and Refugees;Local Council;https://www.ealing.gov.uk/info/201320/cost_of_living_support_and_advice/3293/help_for_asylum_seekers_and_refugees;Financial Support;Health care;This NHS care videoshows what you can access in England. Wellbeing and emotional support provided through theRefugee Council-'My View Children's Therapy';1;;;;;
122;Ealing Council - Help for Asylum Seekers and Refugees;Local Council;https://www.ealing.gov.uk/info/201320/cost_of_living_support_and_advice/3293/help_for_asylum_seekers_and_refugees;Financial Support;Help for asylum seekers and refugees;Some people living in the borough are not able to access most benefits and services, including Universal Credit, Child Benefit and social housing because, legally, they have 'no recourse to public funds.' Groups that fall into this category include: • people on student visas • refused asylum seekers • those who entered the UK without permission There are however, some public and support services that are available to all regardless of status, including:;2;;;;;
123;Ealing Council - Help for Asylum Seekers and Refugees;Local Council;https://www.ealing.gov.uk/info/201320/cost_of_living_support_and_advice/3293/help_for_asylum_seekers_and_refugees;Financial Support;Help with housing;Shelter provide detailed information aboutasylum housing Support formigrant families- online tool to help migrant families get help with housing and financial support when they have no recourse to public funds (NRPF). If you are homeless, sleeping rough or facing a housing crisis, contact yourlocal council housing optionsteam to find out what help they can offer. More information onthe housing options team Acton Homeless Concern- a local charity with two drop-in day centres providing basic needs services and advice and support for homeless and other disadvantaged people. Somali Advice and Development Centre- advice and information on housing, homelessness, education and immigration and nationality. English classes. StreetLink- make an alert if you have seen someone sleeping rough, or if you're sleeping rough and want to find out about local support services.;2;;;;;
124;Ealing Council - Help for Asylum Seekers and Refugees;Local Council;https://www.ealing.gov.uk/info/201320/cost_of_living_support_and_advice/3293/help_for_asylum_seekers_and_refugees;Financial Support;Immigration advice;You can get immigration advice from an immigration adviser if you need help with getting permission to stay in the UK. Immigration advisers can help you with most things to do with immigration, including helping you to fill in the right forms and representing you at a tribunal. They do not make immigration decisions. Check if the adviser is registered and if they charge a fee before you use them. Find a registered immigration adviser Ealing Advice Service- provide basic advice on housing, benefits and immigration and contact details for specialist local and national services. Ealing Law Centre- provides legal advice in areas ofhousing,asylum and immigrationandwelfare benefits West London Equality Centre- provide free legal advice on immigration.;2;;;;;
125;Ealing Council - Help for Asylum Seekers and Refugees;Local Council;https://www.ealing.gov.uk/info/201320/cost_of_living_support_and_advice/3293/help_for_asylum_seekers_and_refugees;Financial Support;Other helpful resources;Refugee Council- Helps refugees and people seeking asylum in the UK with crisis support, employment, mental health, resettlement and legal advice. NRPF Network- NRPF (no recourse to public funds) network provides information on how immigration status impacts a persons entitlement to services and support options for people with no recourse to public funds. British Red Cross- Provide practical help and support for refugees and people seeking asylum from all backgrounds and religions. Migrant Help- Provide independent advice and guidance to assist people seeking asylum in the UK. You can get help with applying for accommodation and financial support, find dedicated caseworkers and translators. Right to Remain toolkit- Free step-by-step guide to UK asylum and immigration system to help you better understand the legal process. Care4Calais- Volunteer-run refugee charity working with refugees in the UK which provides more online information to asylum seekers and refugees.;1;;;;;
126;Ealing Council - Help for Asylum Seekers and Refugees;Local Council;https://www.ealing.gov.uk/info/201320/cost_of_living_support_and_advice/3293/help_for_asylum_seekers_and_refugees;Financial Support;Support from voluntary sector organisations;Afghan Association Paiwand Ltd- charity dedicated helping asylum seekers and refugees in North West London. Breaking Barriers- offers training and support for refugees in London. Centre for Armenian Information and Advice- for the Armenian community on housing, homelessness, benefits, employment, immigration, nationality, training, education. Health advocacy and outreach. Ealing Advice Service- provide free advice on housing, benefits and immigration issues. Ealing and Acton Support Enterprise (EASE)(website under development) - a local community group supporting asylum seekers and refugees to thrive in their communities. Ealing Law Centre- provides legal advice in areas ofhousing,asylum and immigrationandwelfare benefits. Hope for Southall Street Homeless- provide emergency support with food, clothes and bedding and other essential items. REAP - Refugees in Effective & Active Partnershipprovides local support for asylum seekers and refugees. Southall Black Sistersprovides advice and information on domestic abuse, racial harassment, welfare and immigration, primarily for Asian, African and African Caribbean women. West London Equality Centreprovides free legal advice on immigration. The council'sCommunity Support Directoryprovides information on a wide number of voluntary and community organisations across the borough that provide support.;1;;;;;
127;Ealing Council - Help for Asylum Seekers and Refugees;Local Council;https://www.ealing.gov.uk/info/201320/cost_of_living_support_and_advice/3293/help_for_asylum_seekers_and_refugees;Financial Support;Support with bills;You can apply forAsylum Supportfrom central government to help with housing and additional money for bills and food as well as maternity benefits, access to healthcare and education.Shelterhave a clear guide explaining the process of applying for asylum support. You can apply forshort-term supportif you have been refused asylum and are preparing to leave the UK. Depending on your circumstances, if you have young children, you may be entitled to a help through theCrisis and Resilience Fund;3;;;;;
128;Lambeth Council - Sanctuary Services;Local Council;https://www.lambeth.gov.uk/lambeth-sanctuary-services;General Orientation;;There are many different types of sanctuary seekers, like resettled refugees, asylum-seekers, unaccompanied asylum-seeking children, people who have insecure immigration status andno recourse to public funds, and people in the UK on sponsorship. Lambeth Council endeavours to provide equity of access to services for all sanctuary seekers. Contact Lambeth Sanctuary Services Be directly involved in supporting refugees on arrival to theUK, helping them to settle faster into their new lives. We are committed to offering places of safety to vulnerable refugees in need of protection. We provide access to services, support and a variety of activities to asylum-seekers fleeing their own countries. We are proud to have been awarded Borough of Sanctuary status for ensuring sanctuary seekers are welcomed and supported. Assistance for those who, due to their immigration status, cannot access mainstream benefits or housing support. We work with the government, local groups and organisations to support Ukrainians who are sponsored to stay in the borough. Updates on events, donations, opportunities and any upcoming changes on government legislation that could affect sanctuary seekers.;2;;;;;
129;Lambeth Council - Support for Asylum Seekers;Local Council;https://www.lambeth.gov.uk/lambeth-sanctuary-services/support-asylum-seekers;Financial Support;;Lambeth Council strives to provide access to services, support and a variety of activities to people who are fleeing violence and persecution in their own countries.;1;;;;;
130;Lambeth Council - Support for Asylum Seekers;Local Council;https://www.lambeth.gov.uk/lambeth-sanctuary-services/support-asylum-seekers;Financial Support;Contact us;If you would like to get in touch with Lambeth Sanctuary Services, please email us atsanctuary@lambeth.gov.uk;1;;;;;
131;Lambeth Council - Support for Asylum Seekers;Local Council;https://www.lambeth.gov.uk/lambeth-sanctuary-services/support-asylum-seekers;Financial Support;English language classes;The government provides funding for English as a Second or Other Language (ESOL) classes for people seeking asylum who have been waiting 6 months or more for a response to their asylum application. See ourlist of ESOL providers and courses within Lambeth;1;;;;;
132;Lambeth Council - Support for Asylum Seekers;Local Council;https://www.lambeth.gov.uk/lambeth-sanctuary-services/support-asylum-seekers;Financial Support;Entitlements;There are a many entitlements that people seeking asylum can access in the UK. General entitlements include: • three meals a day • clothes washing once a week • change of bed linen once a week • toiletries upon request - e.g. shower gel, shampoo, toothbrush, toothpaste, deodorant, sanitary products Entitlements for expecting mothers and babies include: • a moses basket/cot and bedding • sterilisation equipment • powdered milk (for babies up to one-year old) • a highchair (for babies over 6-months old) Travel entitlements include: • transport services to asylum hearings and medical hearings as requested by the Home Office - you must request transport from the hotel reception at least 24 hours before your hospital appointment If you have a complaint about the provision of any of these entitlements, please contact Migrant Help on0808 8010 503. Please be assured that making a complaint will not affect the service you receive or your asylum claim. For further details or advice on what you are entitled to please speak to your hotel manager/staff.;3;;;;;
133;Lambeth Council - Support for Asylum Seekers;Local Council;https://www.lambeth.gov.uk/lambeth-sanctuary-services/support-asylum-seekers;Financial Support;Healthcare;The main way to access healthcare in the UK is through a local doctor called a General Practitioner (GP). You canregister with a GP on the NHS websiteor speak to the hotel manager/staff who will assist you to register. Registering with a GP is free and you do not need proof of address, proof of immigration status, identification or an NHS number.;1;;;;;
134;Lambeth Council - Support for Asylum Seekers;Local Council;https://www.lambeth.gov.uk/lambeth-sanctuary-services/support-asylum-seekers;Financial Support;Help to buy uniforms and school supplies;All children seeking asylum who attend school are eligible for £100 each to spend on uniforms and other necessary school supplies. For more information, read theLambeth Sanctuary Services uniform and school supplies policy (PDF 109KB);1;;;;;
135;Lambeth Council - Support for Asylum Seekers;Local Council;https://www.lambeth.gov.uk/lambeth-sanctuary-services/support-asylum-seekers;Financial Support;Public transport in London;The Oyster card is a payment method used for public transport in London. You are entitled to reduced and free travel with an Oyster photocard if you are: • a young person aged 11 to 17 • aged 60 plus and live in London For help to apply for the Oyster photocard there will be volunteer support provided at your hotel on a monthly basis. For more information about the Oyster photocard and to apply yourself, please see the following Transport for London (TfL) pages: • 11 to 15 Zip Oyster photocard • 16+ Zip Oyster photocard • 60+ London Oyster photocard;1;;;;;
136;Lambeth Council - Support for Asylum Seekers;Local Council;https://www.lambeth.gov.uk/lambeth-sanctuary-services/support-asylum-seekers;Financial Support;Safeguarding concerns;If you have any safeguarding concerns, for example, if you are worried about the physical or mental wellbeing of yourself or another person living in the hotel, please speak to the hotel manager/staff who will help you to access the appropriate support. You can also report asafeguarding concern on the Lambeth Council website.;2;;;;;
137;Lambeth Council - Support for Asylum Seekers;Local Council;https://www.lambeth.gov.uk/lambeth-sanctuary-services/support-asylum-seekers;Financial Support;School and college admissions;All children and young people who are school-aged will need to apply for a school or college place as soon as possible. See a list of allLambeth schools and colleges. You can complete aschool or college application onlineor by sending in a scanned paper version. Please speak to the hotel manager/staff for assistance with this.;1;;;;;
138;Lambeth Council - Support for Asylum Seekers;Local Council;https://www.lambeth.gov.uk/lambeth-sanctuary-services/support-asylum-seekers;Financial Support;Volunteering in the community;We value the contribution that people seeking asylum want to make to their new community. People seeking asylum are restricted from gaining employment, however, we want to help prepare people seeking asylum for the workforce upon receiving their Leave to Remain. For more information, please visitvolunteering.;2;;;;;
139;Lambeth Council - Support for Asylum Seekers;Local Council;https://www.lambeth.gov.uk/lambeth-sanctuary-services/support-asylum-seekers;Financial Support;Welcome to Lambeth;As a diverse and inclusive borough, we welcome everyone seeking sanctuary. Our welcome packs, translated into the most commonly spoken languages among sanctuary seekers, provide important information to help you settle into our community. Welcome pack for sanctuary seekers English (PDF, 1.07MB) Welcome pack for sanctuary seekers Albanian (PDF, 1.08MB) Welcome pack for sanctuary seekers Arabic (PDF, 1.20MB) Welcome pack for sanctuary seekers French (PDF, 1.13MB) Welcome pack for sanctuary seekers Georgian (PDF, 1.19MB) Welcome pack for sanctuary seekers Kurdish (PDF, 1.23MB) Welcome pack for sanctuary seekers Pashto (PDF, 1.22MB) Welcome pack for sanctuary seekers Persian (PDF, 1.33MB) Welcome pack for sanctuary seekers Russian (PDF, 1.20MB) Welcome pack for sanctuary seekers Spanish (PDF, 1.10MB) Welcome pack for sanctuary seekers Tigrinya (PDF, 1.14MB) Welcome pack for sanctuary seekers Urdu (PDF, 1.28MB);2;;;;;
140;Liverpool Council - Our Liverpool Refugee Service;Local Council;https://liverpool.gov.uk/communities-and-safety/our-liverpool-refugee-and-migrant-service/how-local-people-can-help/;General Orientation;Are you interested in letting a property?;The council helps newly-granted refugees find a permanent home. Properties with four or more bedrooms are sought after. Please emailhousing.optionsre-housingteam@liverpool.gov.uk. The Home Office employs Serco to find asylum accommodation. Emailaasc.partnership@serco.comif you have a home to rent out.;1;;;;;
141;Liverpool Council - Our Liverpool Refugee Service;Local Council;https://liverpool.gov.uk/communities-and-safety/our-liverpool-refugee-and-migrant-service/how-local-people-can-help/;General Orientation;Do you have a spare room?;Refugees often need a place to stay. Find out how to offer a spare room viaRefugees At Home.;1;;;;;
142;Liverpool Council - Our Liverpool Refugee Service;Local Council;https://liverpool.gov.uk/communities-and-safety/our-liverpool-refugee-and-migrant-service/how-local-people-can-help/;General Orientation;Make a donation or volunteer;See our list of local charities who take donations and volunteers. To donate to people overseas, seeDisasters Emergency Committee (ded.org.uk). Alternatively, see the list ofRed Cross emergency appeals.;1;;;;;
143;Liverpool Council - Our Liverpool Refugee Service;Local Council;https://liverpool.gov.uk/communities-and-safety/our-liverpool-refugee-and-migrant-service/how-local-people-can-help/;General Orientation;Myth-busting;There are many myths, and sources of misinformation and disinformation about asylum and immigration.Read our myth‑busting guide to get the facts (Liverpool Express).;3;;;;;
144;Liverpool Council - Our Liverpool Refugee Service;Local Council;https://liverpool.gov.uk/communities-and-safety/our-liverpool-refugee-and-migrant-service/how-local-people-can-help/;General Orientation;Offers of work and training;If you have a job or work experience for a refugee, pleasecontact Liverpool in Work;1;;;;;
145;Liverpool Council - Our Liverpool Refugee Service;Local Council;https://liverpool.gov.uk/communities-and-safety/our-liverpool-refugee-and-migrant-service/how-local-people-can-help/;General Orientation;Pledge your support;Liverpool City of Sanctuary unites people working with refugees and migrants. You, a local business or organisation can get involved.Find out how at liverpool.cityofsanctuary.org.;1;;;;;
146;Liverpool Council - Our Liverpool Refugee Service;Local Council;https://liverpool.gov.uk/communities-and-safety/our-liverpool-refugee-and-migrant-service/how-local-people-can-help/;General Orientation;Read our FAQs for more information;All councils have key responsibilities and services they must provide for some migrants. In addition, we want Liverpool to be a welcoming city and Liverpool City Council is a migrant-friendly organisation where people can thrive from the day they arrive. We believe that this is of benefit of all residents. The council will receive almost £10,000,000 of central government funding to carry out key responsibilities and provide services for people seeking sanctuary between 2024-2027. This includes asylum dispersal, refugee resettlement and other integration grants. These grants are ringfenced which means the money we receive cannot be used for unrelated work. The work of the Our Liverpool team is not funded through Council Tax. The Home Office provides and pays for accommodation for adults and families seeking asylum. The council receives funding from central government for accommodation and support for residents onRefugee Resettlement Schemesand for unaccompanied asylum seeking minors. Residents who receive their refugee status in Liverpool are entitled to work and access benefits. They either pay their accommodation costs themselves or through benefits, the same as other residents.;3;;;;;
147;Newham Council - Homelessness Advice;Local Council;https://www.newham.gov.uk/housing-homes-homelessness/homelessness-prevention-advice;Housing & Homelessness;Help with moving somewhere else;If staying in your current home is not an option, the most likely way to resolve this is by finding a home in the private rented sector. If you find somewhere yourself, Newham's Homeless Prevention and Advice Service could help by negotiating the rent and tenancy term with the landlord. And, may also be able to help with a deposit or rent in advance. Since rents in Newham are very high, broadening your search will give you more choice of available and affordable homes. If you would prefer social housing and you are willing to consider properties outside of London, waiting times can often be a lot shorter for social housing. Newham are part of a scheme calledHomefinderUK, which helps you to bid for properties in locations where demand is lower. It also helps you find schools and employment in the area of your choice. Find out more on theHomefinderUK website.;2;;;;;
148;Newham Council - Homelessness Advice;Local Council;https://www.newham.gov.uk/housing-homes-homelessness/homelessness-prevention-advice;Housing & Homelessness;Homelessness assistance;If you are eligible for support with homelessness the Council may be required to prevent your homelessness. Homelessness can only be prevented in one of two ways: a) You can be helped to stay where you are, or b) You can be helped to move somewhere else.;1;;;;;
149;Newham Council - Homelessness Advice;Local Council;https://www.newham.gov.uk/housing-homes-homelessness/homelessness-prevention-advice;Housing & Homelessness;Newham's Homeless Prevention and Advice Service (HPAS);It is very important to us to help prevent you from becoming homeless. To have the best chance of achieving this support we need to know as soon as possible if you are under the threat of homelessness. The help we can provide includes: • Producing a Personal Housing Plan with you • Mediation between you and the person who has asked you to leave with the aim of keeping you in your home • Negotiating the rent with your landlord • Advising you on your rights of occupation • Help you increase your income by accessing employment, providing guidance on debt management and welfare benefits • Providing adiscretionary housing paymentto provide short-term support to maintain your current tenancy • Advising you on how to find somewhere else to live • Assessing any housing duty owed To access the Homeless Prevention and Advice Service (HPAS) you will need to complete anapplication formand submit your documents online. If you already have an open application for assistance, do not make a new application.Use our online Homelessness Enquiry Formto: • Chase progress on your Homelessness Prevention Application • Provide additional information or documents to support your Homelessness Prevention Application • Tell us about a change in your circumstances • Tell us about issues in your temporary accommodation;2;;;;;
150;Newham Council - Homelessness Advice;Local Council;https://www.newham.gov.uk/housing-homes-homelessness/homelessness-prevention-advice;Housing & Homelessness;Staying where you are;If you are under the threat of homelessness there may be options you can explore before you need to find somewhere new to live. If you are being asked to leave by friends or family – perhaps due to overcrowding or extra costs they incur by you living in their home - you should consider what compromises you might be able to make and try and negotiate with them. If you are renting and in rent arrears, or are struggling to meet your rent with the money you have to live on it may be possible to negotiate the rent with the landlord or obtain benefit assistance. You can get free, independent, detailed and immediate advice fromGet advice | My Housing Gatewayon the following: • What to do when you have received a notice to leave(Section 21 noticeorsection 8 notice) • Anti-social behaviour • Damp and mould problems • Repairs to your home This service will suggest you continue with a homeless application if needed but may be able to help you resolve your situation without having to make a homeless application to the Council.;2;;;;;
151;Newham Council - Homelessness Advice;Local Council;https://www.newham.gov.uk/housing-homes-homelessness/homelessness-prevention-advice;Housing & Homelessness;Temporary Accommodation;If you have been placed in temporary accommodation by Newham Council please do not make another homeless application. Please contactNewham's Temporary Accommdation Service. If you have been placed in temporary accommodation in the borough of Newham by another council/local authority you should contact them first about any threat of homelessness. Apply for homeless prevention advice and assistance;1;;;;;
152;Newham Council - Refugee Services;Local Council;https://www.newham.gov.uk/council/newham-council-refugeeservices;General Orientation;Main types of status;Refugee status is awarded to someone the Home Office recognises as a refugee, as described in the Refugee Convention. A person given refugee status is normally granted leave to remain in the UK for 5 years, and at the end of that period can apply for Indefinite Leave to Remain. • Indefinite leave to remain A form of immigration status given by the Home Office. Indefinite leave to remain is also called ‘permanent residence’ or ‘settled status’ as it gives permission to stay in the UK on a permanent basis. • Discretionary leave A form of immigration status granted to a person who the Home Office has decided does not qualify for refugee status or humanitarian protection, but where there are other strong reasons why the person needs to stay in the UK temporarily.;2;;;;;
153;Newham Council - Refugee Services;Local Council;https://www.newham.gov.uk/council/newham-council-refugeeservices;General Orientation;New 'Signpost' tool to support London's asylum seekers;A new digital tool named Signpost has launched to help support the health and wellbeing of asylum seekers and refugees in London. Signpost is a free, wellbeing email service, providing individuals with a regular flow of helpful, important, and supportive information to those who have recently arrived in the UK. The content was co-developed by partners including Thrive LDN, Doctors of the World, Refugee Action Kingston, and the London Borough of Newham. It is supported and funded by the Mayor of London. Please visit theSignpost – your guide to life in the UK page for more information. Signpost Launch Poster (PDF);2;;;;;
154;Newham Council - Refugee Services;Local Council;https://www.newham.gov.uk/council/newham-council-refugeeservices;General Orientation;Our Commitment;• Mayor’s statement on Ukraine situation • Mayor’s statement on Afghan situation • We welcome refugees and asylum seekers settling in Newham • Newham Borough of Sanctuary Strategy 2024-2027 (PDF);1;;;;;
155;Newham Council - Refugee Services;Local Council;https://www.newham.gov.uk/council/newham-council-refugeeservices;General Orientation;Welcome Newham Helpline;For anyone in Newham who is anasylum seeker or refugee, family, friends or host. Can provide: free advice, support and answer questions on how to get help for health, money, food, jobs and housing. Cannot help with: individual cases, case work or immigration status or advice. Email:Welcome.Newham@newham.gov.ukCall our helpline on 020 3373 3222;2;;;;;
156;Newham Council - Refugee Services p2;Local Council;https://www.newham.gov.uk/council/newham-council-refugeeservices/2;Housing & Homelessness;Support for people seeking asylum in contingency hotels;English - A guide for those living in asylum accommodation (PDF) Kurdish - Support for people seeking asylum in contingency hotels Arabic - Support for people seeking asylum in contingency hotels Persian - Support for people seeking asylum in contingency hotels Pashto - Support for people seeking asylum in contingency hotels;1;;;;;
157;Newham Council - Refugee Services p2;Local Council;https://www.newham.gov.uk/council/newham-council-refugeeservices/2;Housing & Homelessness;Welcome Newham Helpline;For anyone in Newham who is anasylum seeker or refugee, family, friends or host. Can provide: free advice, support and answer questions on how to get help for health, money, food, jobs and housing. Cannot help with: individual cases, case work or immigration status or advice. Email:Welcome.Newham@newham.gov.ukCall our helpline on 020 3373 3222;2;;;;;
158;Newham Council - Refugee Services p3;Local Council;https://www.newham.gov.uk/council/newham-council-refugeeservices/3;Healthcare;;We are delighted to have been awarded Borough of Sanctuary status by the nationalCity of Sanctuarycharity.  The award acknowledges the breadth and quality of our work in creating a culture of welcome that values the contribution and strengths of refugees and other sanctuary seekers arriving in the borough.;2;;;;;
159;Newham Council - Refugee Services p3;Local Council;https://www.newham.gov.uk/council/newham-council-refugeeservices/3;Healthcare;ARAP – Afghan Relocations and Assistance Policy & ACRS – Afghan Citizens Resettlement Scheme;The Afghan Relocations and Assistance Policy (ARAP) is for Afghan citizens who worked for or with the UK Government in Afghanistan in exposed or meaningful roles and may include an offer of relocation to the UK for those deemed eligible by the Ministry of Defence and who are deemed suitable for relocation by the Home Office. Afghan citizens who are eligible for relocation to the UK under the ARAP may relocate with a partner, dependent children and additional family members who are also deemed eligible for relocation under the ARAP by the Ministry of Defence and suitable for relocation by the Home Office. The ARAP was launched on 1 April 2021 and remains open. Those who believe they are eligible under the ARAP should apply by using theonline ARAP application form. This application can be made from any country.  Policy and application support can be foundhere. The UK formally opened the Afghan Citizens Resettlement Scheme (ACRS) on 6 January 2022. The scheme will prioritise: • those who have assisted the UK efforts in Afghanistan and stood up for values such as democracy, women’s rights, freedom of speech, and rule of law • vulnerable people, including women and girls at risk, and members of minority groups at risk (including ethnic and religious minorities and LGBT+) The government will resettle more than 5,000 people in the first year and up to 20,000 over the coming years. Anyone who is resettled through the ACRS will receive indefinite leave to remain (ILR) in the UK, and will be able to apply for British citizenship after 5 years in the UK under existing rules.  Policy details can be foundhere. In Newham, we support refugees settled under either the ARAP or ACRS to learn English as a speaker of other languages (ESOL). We also support refugees who are destitute. Please emailWelcome.Newham@newham.gov.ukor call 020 3373 3222 for support. Privacy Notice Afghanistan Data (PDF);3;;;;;
160;Newham Council - Refugee Services p3;Local Council;https://www.newham.gov.uk/council/newham-council-refugeeservices/3;Healthcare;Hong Kong British National (Overseas) Visa - BN(O) Route;"The British National (Overseas) Visa allows people from Hong Kong and their family members of BN(O) status holders to live, study and work in the UK. You can apply to stay for either 2 years and 6 months or 5 years. After you’ve lived in the UK for 5 years, you and your family members can apply to live in the UK permanently, and after a further 12 months of residency, you and your family members can apply for British Citizenship. You can apply for this visa if: • You are BN(O) status holder; or • You are a child of a BN(O) status holder, aged 18 or older, and born on or after 1 July 1997. For details of this visa route, you can visit the UK Government's websitehere. The UK Government has published a Welcome Pack for arrivals from Hong Kong on the BN(O) visa. In English,please click here. In Newham, we support BN(O) visa holders to learn English as a speaker of other languages (ESOL). We also support BN(O) visa holders who are destitute. Please emailWelcome.Newham@newham.gov.ukor call 020 3373 3222 for help in these two areas. In Newham, there is no place for hate. If you are a victim of, or have witnessed, a hate crime or incident, you can report it on the linkhere. Remember, in emergencies, please immediately call the police on 999. BN(O) visa holders can also visit our weekly Welcome Newham One Stop Shop for more support. We offer support in Cantonese and Mandarin.";1;;;;;
161;Newham Council - Refugee Services p3;Local Council;https://www.newham.gov.uk/council/newham-council-refugeeservices/3;Healthcare;Ukraine Scheme;The Ukraine Sponsorship Scheme allows Ukrainian nationals and their family members to come to the UK if they have a named sponsor under the Homes for Ukraine Scheme. Information about applying for a visa under the scheme can be found onthe government website. If you are a sponsor or interested in applying to be a sponsor and host a family or individual from Ukraine, you can find information about the scheme here:Homes for Ukraine scheme: frequently asked questions on gov.uk website In Newham, we have produced an information sheet for sponsors who have been matched with a family or friend via this scheme. The information lets you know about the checks that we will be carrying out as part of this scheme.Information Sheet for Sponsor and Landlord Consent Form (PDF).;1;;;;;
162;Newham Council - Refugee Services p4;Local Council;https://www.newham.gov.uk/council/newham-council-refugeeservices/4;Employment & Right to Work;Welcome Newham: One-Stop Shop;Are you a newly arrived resident to Newham from outside the UK? Newham Council, in partnership with the voluntary and community sector, have launched a weekly one-stop shop offering help and support newly arrived Newham Residents. The weekly one-stop shops provide an opportunity for newly arrived residents (those granted their leave to remain within the last 6 months) to Newham and those seeking asylum to access a number of different service offerings to help establish a life in Newham. These are drop-in sessions so people can attend anytime - there is no need to RSVP. We also speak multiple languages. The following in person assistance will be provided at the one-stop shop: • Help to register with a Doctor for access to health services • Support for pregnant and new mums • Support to apply for benefits to help towards your living costs • Assistance to apply for school places for all children • Homelessness prevention and support • Biometric Resident Permit guidance • ASPEN and ARC card queries • Access to lessons to learn how speak English • Support in finding work and volunteering opportunities • Help to work out the costs involved in affording accommodation in private rented sector and social housing The one-stop shop is at Stratford Library, 1st Floor - 3 The Grove, E15 1EL every Thursday 10am to 3pm. On the first Thursday of every month there will be a focus on employment and volunteer opportunities. Alternate Thursdays, 3.30pm-5pm, we host workshops on finding accommodation in the Private Rented Sector, the sessions will run on these dates: • 3 September 2026 • 17 September 2026 • 15 October 2026 • 29 October 2026 • 12 November 2026 • 26 November 2026 • 10 December 2026 • 21 January 2027 • 4 February 2027 • 18 February 2027 We look forward to seeing you there. Welcome Newham Team EmailWelcome.newham@newham.gov.uk Phone 020 3373 3222;2;;;;;
163;Newham Council - Refugee Services p5;Local Council;https://www.newham.gov.uk/council/newham-council-refugeeservices/5;Education & Training;A “Taste” of Community Interpreting;• Do you speak other languages? • Can you learn interpreting skills? • Do you want to help people, and perhaps earn money from interpreting? Refugees in Effective and Active Partnership (REAP) run a community interpreting training programme. If interested, please call or whatsapp Rachaporn on 07983 419388 or emailinterpreting@reap.org.uk.;1;;;;;
164;Newham Council - Refugee Services p5;Local Council;https://www.newham.gov.uk/council/newham-council-refugeeservices/5;Education & Training;Volunteer and Champion Programmes;Newham have a dedicated Volunteers Team that can help you find volunteering opportunities. Volunteering in Newham – Newham Council;1;;;;;
165;Newham Council - Refugee Services p5;Local Council;https://www.newham.gov.uk/council/newham-council-refugeeservices/5;Education & Training;Volunteer’s Stories;"PD started volunteering summer 2022. She said ‘I have struggled since graduating university to realise my career path, I discovered volunteering as a way to try new things and meet new people- Libraries was something I was particularly interested in and was lucky enough to find a volunteer role in a Library in Newham. PD volunteered for 2-3 days a week, for approx. 2 months, during which a full time role at the library came up. She said ‘By volunteering with the libraries I had a greater chance of securing a permanent role. I learnt how the libraries worked and was able to translate that experience during my application process. I was successful in gaining the permanent role and have now been working in Newham Libraries for approximately 2 months’. But it’s not just a full time job that PD has gained ‘By volunteering I was able to gain a lot of confidence working with different people. I gained an insight into myself and was able to do things that I thought I wouldn't be able to’. PG joined the volunteer’s team on October 2023 with the intentions of connecting with the community better. In the short time that she has been an active volunteer, she has been involved with some of the projects that have been set up to help and enrich our communities from the food bank, coffee mornings and seasonal events. She said, ""Volunteering has been a wonderful way of meeting new people and gaining new skills or to refine existing ones. They also advertise training and employment opportunities within the borough which is how I found out about the apprenticeships for Newham council. I am now an apprentice for the Resident Engagement and participation team where I will be able to learn more about and take part in how the volunteer’s team deliver these services"".";1;;;;;
166;Newham Council - Refugee Services p5;Local Council;https://www.newham.gov.uk/council/newham-council-refugeeservices/5;Education & Training;Welcome Newham - Translator Volunteer;The Welcome Newham Team are looking for volunteer translators to assist with the weekly one-stop shops and private rented sector-housing sessions. Please see the advert for more information and how to apply -Welcome Newham- Translator Volunteer.;1;;;;;
167;Newham Council - Refugee Services p5;Local Council;https://www.newham.gov.uk/council/newham-council-refugeeservices/5;Education & Training;Why Volunteer?;Volunteering is a great way to give something back to the community. It makes a difference to your local area and to the people who live here. It is also a fun, rewarding way to meet new people, improve the environment and the lives of others, and learn new skills. Volunteering is a great way of impressing potential employers. Helping at a local resident or community organisation can fill gaps in your work experience, boost your CV and allow you to try different types of roles to help you get a reference. Giving up your time to help others is rewarding in many ways and allows you to meet new people and learn some valuable new skills, raise your self-confidence and self-esteem.;1;;;;;
168;Newham Council - Refugee Services p6;Local Council;https://www.newham.gov.uk/council/newham-council-refugeeservices/6;Financial Support;Homes for Ukraine Scheme Support;The Department for Levelling Up, Housing and Communities have produced a welcome guide for new arrivals. This includes getting used to life in the UK including how to find a home, access essential public services, healthcare, find work and childcare and education services. It also includes specific information for those arriving on the Homes for Ukraine scheme. Guidance in English (PDF) Guidance in Ukrainian (PDF) Guidance in Russian (PDF) We have also developed some Newham specific information to help arrivals and Ukrainian residents of Newham: Information for Ukrainian Residents of Newham about Arriving and Staying in the UK (PDF) Інформація для українських мешканців Ньюема щодо прибуття до Великої Британії та перебування на її території (PDF) Информация для украинских жителей Ньюэма о прибытии и пребывании в Великобритании (UK) (PDF);1;;;;;
169;Newham Council - Refugee Services p6;Local Council;https://www.newham.gov.uk/council/newham-council-refugeeservices/6;Financial Support;Restaurant XIX;Address: F5, 369 High Street, Stratford, E15 4QZOpening hours: Monday to Sunday, 9am to 10pmContacts: Maria – 07561 32202 Nataliya – 07383 559 648 Donations accepted: • Military donations • Medical supplies and donations Please note: Humanitarian aid donations are not being accepted at this location. To help your guest establish a new life in Newham, Newham have created an information slide pack highlighting the important services available to Ukrainians and how your guests can access these services.;1;;;;;
170;Newham Council - Refugee Services p6;Local Council;https://www.newham.gov.uk/council/newham-council-refugeeservices/6;Financial Support;Sawmill Café;Address: 51–53 West Ham, E15 4PHOpening hours: Monday to Sunday, 7.30am to 7pmContact: Svitlana – 07984 987428 Donations accepted: • Medical supplies and donations • Humanitarian aid included on the priority list Please note: Clothing donations are not being accepted.;1;;;;;
171;Newham Council - Refugee Services p6;Local Council;https://www.newham.gov.uk/council/newham-council-refugeeservices/6;Financial Support;Unit 6 Café;Address: 6 The East Mall, Stratford, E15 1XAOpening hours: Monday to Sunday, 7.30am to 7pmContact: Svitlana – 07984 987428 Donations accepted: • Medical supplies and donations • Humanitarian aid included on the priority list Please note: Clothing donations are not being accepted.;1;;;;;
172;Newham Council - Refugee Services p7;Local Council;https://www.newham.gov.uk/council/newham-council-refugeeservices/7;General Orientation;What am I entitled to?;If you have No Recourse to Public Funds:You are not eligible for homelessness assistance or council housing allocation from Newham Council. If you are worried that you may become homeless you can contact Shelter Homelessness Charity: 0808 800 4444 If you have Refugee Status:When you receive your refugee status you will have 28 days to move out of your accommodation. You can privately rent a house by contacting a local letting agent.  Newham Council can support you with moving to private rented sector accommodation. Average waiting times for a property on the Newham housing register can take many years and it does not guarantee success even if you are actively bidding due to the high demand for social housing. Newham Council can help residents who would like to move to social housing in other parts of the country. For those wanting to make a fresh start, Homefinder UK will assist in identifying a home that meets each household’s needs. You can visit Homefinder UK website atwww.homefinderuk.org, call 020 7619 9705, or emailenquiries@homefinderuk.org We have created this helpful video that sets out you options.;2;;;;;
173;Newham Council - Refugee Services p8;Local Council;https://www.newham.gov.uk/council/newham-council-refugeeservices/8;General Orientation;VCFS Referral Form to Welcome Newham;The Welcome Newham team are now accepting referrals from Voluntary, Community and Faith organisations for Newham residents who have been granted their leave to remain in the UK within the last 6 months and require support with settling into the borough. Please complete the form and email through towelcome.newham@newham.gov.ukand the team will be in touch shortly. Welcome Newham VCFS Referral Form (Word);2;;;;;
174;Rochdale Council - Help for Asylum Seekers and Refugees;Local Council;https://rochdale.gov.uk/refugees-asylum-seekers/help-support-asylum-seekers-refugees;General Orientation;Children and parents;If you have children, our family hubs offer a range of support and services. • Find a family hub;1;;;;;
175;Rochdale Council - Help for Asylum Seekers and Refugees;Local Council;https://rochdale.gov.uk/refugees-asylum-seekers/help-support-asylum-seekers-refugees;General Orientation;Domestic violence and abuse;We provide domestic violence and abuse support to anyone in the borough of Rochdale. • Get help for domestic violence and abuse;1;;;;;
176;Rochdale Council - Help for Asylum Seekers and Refugees;Local Council;https://rochdale.gov.uk/refugees-asylum-seekers/help-support-asylum-seekers-refugees;General Orientation;Find a place to live;You can contact the following organisations if you're homeless or need a place to live: • Apply for social housing- if you're a refugee. • Rochdale Housing Solutions- get in touch to find out about drop-in services. • The Bond Board Rochdale- help for people on low incomes to find a home. • Petrus- provides support to people without a home or who are struggling with housing. In an emergency:if you are homeless and need urgent help, phone0300 303 8548.;1;;;;;
177;Rochdale Council - Help for Asylum Seekers and Refugees;Local Council;https://rochdale.gov.uk/refugees-asylum-seekers/help-support-asylum-seekers-refugees;General Orientation;Find work, training and volunteering;These organisations can help you find work, training or volunteer roles: • Job support and training- for help with finding work, training or volunteering opportunities. • Find educational events- get help finding work or learn a new skill. • Rochdale Refugee Welcome Programme- offers support for finding work, learning English and more. • Caring and Sharing- supports asylum seekers in Rochdale borough by finding education, training and services for community integration. • Manchester Refugee Support Network- work with refugees and asylum seekers in Greater Manchester to help find education and training opportunities, help you build a community and find friends. • KYP (Kashmir Youth Project)- provides training, community services and support.;1;;;;;
178;Rochdale Council - Help for Asylum Seekers and Refugees;Local Council;https://rochdale.gov.uk/refugees-asylum-seekers/help-support-asylum-seekers-refugees;General Orientation;Free internet access;You can get free wifi in our public buildings. • Free public wifi in council buildings;1;;;;;
179;Rochdale Council - Help for Asylum Seekers and Refugees;Local Council;https://rochdale.gov.uk/refugees-asylum-seekers/help-support-asylum-seekers-refugees;General Orientation;Get help with food;These organisations may be able to give you food and other help: • Warm Welcome Spaces- enjoy a free drink, activities and access to other services. • Sanctuary Trust Reaching Out Centre- offers food, practical help and a safe community space. • Brentwood Middleton Day Centre- offers food, activities and wellbeing support.;1;;;;;
180;Rochdale Council - Help for Asylum Seekers and Refugees;Local Council;https://rochdale.gov.uk/refugees-asylum-seekers/help-support-asylum-seekers-refugees;General Orientation;Health and wellbeing;Find help for your mental and physical health: • Living Well Rochdale- supports people with stopping smoking, losing weight, becoming more active and managing long‑term health conditions. • Rochdale and District Mind- provides mental health support, including counselling and group activities. Language support is available in Mirpuri, Urdu, Punjabi and Bangla. • Find a doctor (GP) - a General Practitioner (GP) can offer medical advice, provide a diagnosis and prescribe medicines.;1;;;;;
181;Rochdale Council - Help for Asylum Seekers and Refugees;Local Council;https://rochdale.gov.uk/refugees-asylum-seekers/help-support-asylum-seekers-refugees;General Orientation;Help and support for asylum seekers and refugees;If you're a refugee or an asylum seeker living in the borough of Rochdale, there is a wide range of help available.;1;;;;;
182;Rochdale Council - Help for Asylum Seekers and Refugees;Local Council;https://rochdale.gov.uk/refugees-asylum-seekers/help-support-asylum-seekers-refugees;General Orientation;How you can help asylum seekers and refugees;If you'd like to help asylum seekers and refugees, there are many ways you can show your support. • Be friendly and welcoming -just being friendly and welcoming can really help an asylum seeker or refugee to feel supported. You can help asylum seekers and refugees by talking to them and passing on your knowledge about the local area, places they can go and things they can do. • Get funding to help asylum seekers and refugees - if you’re a community or charity group based in the borough of Rochdale, you may be able to apply to be a part of the Refugee Welcome Programme.More on the Refugee Welcome Programme • Interpret for the British Red Cross -there are a number of opportunities across Greater Manchester and the whole of the UK.Search for current interpreter opportunities with British Red Cross • Volunteer with a charity- many different organisations and charities are looking for volunteers to help with different tasks needed to help refugees and asylum seekers.Volunteering • Foster a child- we're looking for people from across Rochdale borough who can foster children aged 10–18 and provide the safety, comfort and stability they need.Make a fostering enquiry or find out more about being a foster carer;1;;;;;
183;Rochdale Council - Help for Asylum Seekers and Refugees;Local Council;https://rochdale.gov.uk/refugees-asylum-seekers/help-support-asylum-seekers-refugees;General Orientation;Learn English;Get help with learning or improving your English: • Rochdale Refugee Welcome Programme- offers support for finding work, learning English and more. • Talk English- offers English classes for refugees in Rochdale borough.;1;;;;;
184;Rochdale Council - Help for Asylum Seekers and Refugees;Local Council;https://rochdale.gov.uk/refugees-asylum-seekers/help-support-asylum-seekers-refugees;General Orientation;Meet people and make friends;We host a number of events that are a great way of meeting new people: • Find events for refugees and asylum seekers • Find coffee mornings and social gathering events;1;;;;;
185;Rochdale Council - Help for Asylum Seekers and Refugees;Local Council;https://rochdale.gov.uk/refugees-asylum-seekers/help-support-asylum-seekers-refugees;General Orientation;Money and financial support;View benefits available for asylum seekers or refugees: • Asylum seeker support on GOV.UK- learn how to get money and housing support. • Benefits for British citizens- only available to refugees.;1;;;;;
186;Rochdale Council - Help for Asylum Seekers and Refugees;Local Council;https://rochdale.gov.uk/refugees-asylum-seekers/help-support-asylum-seekers-refugees;General Orientation;More support;These organisations provide support across the UK: • British Red Cross- care and support for refugee and asylum seekers. • Childline- support for children who are refugees and asylum seekers. They offer support and advice if you're being bullied, feel scared or feel like you don't belong. • Refugee Action- gives help and advice for refugees and asylum seekers on issues, including the asylum process. • Migrant Help- support if you're a survivor of human trafficking and modern slavery. • City of Sanctuary- aims to provide a community for refugees and asylum seekers.;1;;;;;
187;Rochdale Council - Help for Asylum Seekers and Refugees;Local Council;https://rochdale.gov.uk/refugees-asylum-seekers/help-support-asylum-seekers-refugees;General Orientation;Support for women;These organisations offer support for women: • Rochdale Women's Welfare Association- a community of women looking to help and support other women, including refugees and asylum seekers. • Nestac- support women who have been hurt or controlled by others.;1;;;;;
188;Rochdale Council - Help for Asylum Seekers and Refugees;Local Council;https://rochdale.gov.uk/refugees-asylum-seekers/help-support-asylum-seekers-refugees;General Orientation;Support for young people seeking asylum;If you’re a young person seeking asylum, you may be dealing with a lot at once. We can help you. • Get support if you’re a young person seeking asylum;1;;;;;
189;Rochdale Council - Help for Asylum Seekers and Refugees;Local Council;https://rochdale.gov.uk/refugees-asylum-seekers/help-support-asylum-seekers-refugees;General Orientation;Visa help;From 31 December 2024, paper immigration documents were replaced with an online record called an eVisa. Most people who are not British or Irish will need an eVisa to show their immigration status. You may need to show your eVisa to your employer, your landlord or when you travel. • How to create a UKVI (UK Visas and Immigration) account and get access to your eVisa • Watch a video on how to create a UKVI account and access your eVisa;1;;;;;
190;Surrey Council - Support for Asylum Seekers;Local Council;https://www.surreycc.gov.uk/community/refugees/support-and-advice-for-asylum-seekers;General Orientation;British Red Cross;British Red Cross website The British Red Cross provides practical help for refugees and asylum seekers in the UK, including essentials like food, toiletries, and small amounts of cash. They also offer specialized services for young refugees and asylum seekers and provide support for family reunion processes.;2;;;;;
191;Surrey Council - Support for Asylum Seekers;Local Council;https://www.surreycc.gov.uk/community/refugees/support-and-advice-for-asylum-seekers;General Orientation;Contact information and further assistance;• Migrant Help UK: Call 0808 801 0503 or access theMigrant Help webchat service. • Refugee Council: Learn more about their work on theRefugee Council website. • British Red Cross: For specific services near you, check theBritish Red Cross website. These organizations play a crucial role in supporting asylum seekers in the UK, providing necessary guidance and resources to navigate the complex asylum process and adjust to life in the UK.;1;;;;;
192;Surrey Council - Support for Asylum Seekers;Local Council;https://www.surreycc.gov.uk/community/refugees/support-and-advice-for-asylum-seekers;General Orientation;Government support;The UK government offers several support options for asylum seekers. This includes the provision of housing and a small living allowance while asylum claims are being processed. Children of asylum seekers have access to free state schooling, and health care services are provided by the National Health Service (NHS). If an asylum claim is refused, limited short-term support may still be available as the individual prepares to leave the UK. For detailed guidance on what support is available and eligibility, you can visit the officialUK government asylum support page.;2;;;;;
193;Surrey Council - Support for Asylum Seekers;Local Council;https://www.surreycc.gov.uk/community/refugees/support-and-advice-for-asylum-seekers;General Orientation;Local help;For more information about the support available in Surrey, please see our page:Charities and organisations supporting refugees and asylum seekers in Surrey. • Reviewed: 05 Jun 2024 • Send to a friend;1;;;;;
194;Surrey Council - Support for Asylum Seekers;Local Council;https://www.surreycc.gov.uk/community/refugees/support-and-advice-for-asylum-seekers;General Orientation;Migrant Help;Migrant Help UK website. Migrant Help is a key organisation providing assistance to asylum seekers. • Free telephone helpline: 0808 8010 503is available 24 hours a day, 7 days a week and it provides free support on various issues including housing, financial support, and legal representation. • Migrant Help webchat serviceis open 24 hours a day. • Please see theMigrant Help contact pagefor more contact options.;1;;;;;
195;Surrey Council - Support for Asylum Seekers;Local Council;https://www.surreycc.gov.uk/community/refugees/support-and-advice-for-asylum-seekers;General Orientation;Refugee Council;Refugee Council website The Refugee Council is another significant body offering comprehensive support to asylum seekers. Their services include help with integration into the UK, such as assistance finding employment and accessing mental health services. They champion refugee rights and provide crisis support to newly recognized refugees.;2;;;;;
196;Surrey Council - Support for Asylum Seekers;Local Council;https://www.surreycc.gov.uk/community/refugees/support-and-advice-for-asylum-seekers;General Orientation;Support and advice for asylum seekers;In the UK, asylum seekers can access a range of support services designed to assist them throughout the asylum process and help them integrate into society. These services are provided by the UK government, county and local councils, and charities, offering various forms of assistance including housing, financial support, healthcare, and legal advice.;1;;;;;
197;Tower Hamlets Council - Support for Refugees;Local Council;https://www.towerhamlets.gov.uk/lgnl/community_and_living/Support_for_refugees.aspx;General Orientation;Support for refugees;The council is urging residents to consider what support they could offer to refugees, including those from Syria in response to the humanitarian crisis. Large numbers of people have undertaken hazardous and lengthy journeys, and many have lost their lives, trying to reach a safe haven in Europe. An emergency motion was introduced at Full council in September 2015 which stated that Britain and other countries had a moral duty to provide a sanctuary for those who are forced to flee their homes. The Prime Minister announced that the UK will resettle 20,000 Syrian refugees by 2020. This is part of the UK’s response to the refugee crisis that has unfolded as the conflict in Syria continues and displaces more people. The Home Office and Department for Communities and Local Government are working with local authorities to put in place plans to house and support Syrian refugees. Leaders of all political groups in Tower Hamlets have asked the Prime Minister to make sufficient resources available for local authorities to provide support for refugees without adversely affecting services for existing residents. The council is working with Refugees Welcome in Tower Hamlets to identify landlords willing to resettle Syrian refugees. If you are a landlord and are interested in finding out more about the resettlement programme, please emailthrefugees@gmail.com. Council support for refugees and migrants: The council has established a New Residents and Refugee Forum (NRRF) to: • better understand the challenges and issues faced by refugees and migrants in Tower Hamlets • hear from local organisations about their experience of engaging with new community members in the borough • find ways to identify and respond to the needs and vulnerabilities of migrants and refugees • given guidance to General Practice (GP) surgeries about migrants and refugees entitlements to primary healthcare • introduced staff who speak a variety of languages to schools, supporting children and parents who have just arrived to the UK • ensured that the needs of new communities are considered by Clinical Commissioning Groups (CCGs) • Made recommendations for changes to the Tower Hamlets Children and Families strategic plan to take account of the needs of new migrant and refugee families Ways that residents can offer support: The council is working with Refugees Welcome in Tower Hamlets.  The group is part of the national #RefugeesWelcome movement, and is working alongside the New Residents and Refugees Forum to support the response of local institutions, community groups and charities. If you would like to join or find out more about Refugees Welcome in Tower Hamlets, please emailthrefugees@gmail.com. You can make a donation to a humanitarian organisation or charity that provides support to refugees. Praxis provides advice and casework to around 1,200 people with migrant backgrounds in Tower Hamlets helping resolve problems with immigration, housing and homeless and welfare benefits.  It organises community groups to provide activities and support to unaccompanied young migrants, to trafficked women, and to young mothers experiencing problems related to their immigration status. Tower Hamlets also has a number of organisations across the borough that work with particular communities, such as the Chinese Association of Tower Hamlets, Ocean Somali Community Association, or those who include activities for migrants as part of their services such as St Hilda’s Community Centre and Heba Women’s Project. National and international organisations that provide support services to refugees include: • British Red Cross Appeal • Save the Children’s Child Refugee Crisis Appeal • UNHCR’s Emergency Appeal • The World Food Programme • Refugee Action’s Emergency Appeal • Medecins Sans Frontieres • International Rescue Committee • Refugee Council You can also call the Red Cross’s dedicated phone line on 0800 107 8727 if you would like to discuss what you can do to help.;3;;;;;
198;Citizens Advice - After Refugee Status;Third Sector;https://www.citizensadvice.org.uk/immigration/asylum-and-refugees/after-you-get-refugee-status/;Benefits Eligibility;Check when asylum support stops;Asylum support and 'section 4' support will stop either 28 or 56 days after you’re granted permission to stay. If you’re single and you don’t have children, support stops after 28 days. Support usually stops after 56 days if: • you have children you have children • you’re pregnant you’re pregnant • you’re over the age of 65 you’re over the age of 65 • you’re disabled you’re disabled You'll get a letter confirming when asylum support will stop. If your eVisa has any of your personal details wrong, you canreport an eVisa error on GOV.UK. This means you’ll: • stopgetting your cash allowance stopgetting your cash allowance • have to move house- if you’ve been given somewhere to live as an asylum seeker have to move house- if you’ve been given somewhere to live as an asylum seeker Once you’ve got refugee status, you’ll get permission to work in the UK - in any profession and at any skill level. If you’re not ready or able to look for work and have very little or no income, you can apply for benefits instead. You’ll also have to think about opening a bank account and getting a National Insurance number. When you get migrant status, the Home Office will tell Migrant Help. Migrant Help is an organisation that can help you find housing, claim benefits and make an appointment at the Jobcentre. They’ll contact you within 1 working day of being told about your migrant status.;2;;;;;
199;Citizens Advice - After Refugee Status;Third Sector;https://www.citizensadvice.org.uk/immigration/asylum-and-refugees/after-you-get-refugee-status/;Benefits Eligibility;Claiming benefits;You might be entitled to benefits in the UK even though you’ll stop getting Asylum Support. You might be entitled to benefits like: • Universal Credit- if you’re unemployed, too ill to work or on a low wage Universal Credit- if you’re unemployed, too ill to work or on a low wage • Pension Credit- if you’ve reached State Pension age Pension Credit- if you’ve reached State Pension age • Housing Benefit- if you need help to pay rent and you’ve reached State Pension age or you’re in temporary or supported housing Housing Benefit- if you need help to pay rent and you’ve reached State Pension age or you’re in temporary or supported housing • arefugee integration loan- to help pay for a rent deposit, household items, education and training for work arefugee integration loan- to help pay for a rent deposit, household items, education and training for work If you claimed asylum before 1 April 2019, you might be able to apply for tax credit payments you missed while waiting for your asylum decision.Check if you can apply for backdated tax credits payments on GOV.UK. You can check if you’ve reached State Pension age on GOV.UK. You’ll need a National Insurance number to claim benefits - you’ll have applied for one at your interview with the Home Office when you first claimed asylum. You’ll also need it to pay tax and register with a doctor. You can check what benefits you can get using a benefits calculator.;2;;;;;
200;Citizens Advice - After Refugee Status;Third Sector;https://www.citizensadvice.org.uk/immigration/asylum-and-refugees/after-you-get-refugee-status/;Benefits Eligibility;Find a new home;If you’ve been living somewhere as part of getting asylum support, your decision letter will tell you when you have to move. If you’re single and you don’t have children, you’ll have to move within 28 days of the date on your decision letter. You’ll usually have to move within 56 days of the date on your decision letter if: • you have children you have children • you’re pregnant you’re pregnant • you’re over the age of 65 you’re over the age of 65 • you’re disabled you’re disabled Your accommodation provider should send you a letter giving you at least 7 days’ notice of when you have to move out. If you don’t get at least 7 days’ notice, Migrant Help can ask the Home Office to let you stay in your accommodation for longer. You can contact Migrant Help by either: • sending an email to positivemoveon@migranthelpuk.org sending an email to positivemoveon@migranthelpuk.org • calling the free asylum helpline on 0808 8010 503 calling the free asylum helpline on 0808 8010 503;1;;;;;
201;Citizens Advice - After Refugee Status;Third Sector;https://www.citizensadvice.org.uk/immigration/asylum-and-refugees/after-you-get-refugee-status/;Benefits Eligibility;Get a National Insurance number;Normally, you’ll get your National Insurance (NI) number through the post just after you get refugee status. If you haven’t received a NI number,call the National Insurance number application line. Ask whether they’ve issued you with a NI number - if they haven’t, ask what you need to do to get one.;1;;;;;
202;Citizens Advice - After Refugee Status;Third Sector;https://www.citizensadvice.org.uk/immigration/asylum-and-refugees/after-you-get-refugee-status/;Benefits Eligibility;Get more help;You canfind a guide for new refugees on GOV.UK. It includes guidance on things like: • employment and benefits employment and benefits • housing and services housing and services;1;;;;;
203;Citizens Advice - After Refugee Status;Third Sector;https://www.citizensadvice.org.uk/immigration/asylum-and-refugees/after-you-get-refugee-status/;Benefits Eligibility;Getting help if you’re homeless;If you’re worried about becoming homeless, you can call the homeless charity Shelter on 0808 800 4444. Shelter also has advice for refugees ongetting help if you’re homeless. You can also search online through Homeless Link tofind emergency accommodationyourself. If you need help paying a tenancy deposit, you cansearch for help to rent schemesthrough the housing charity Crisis.;1;;;;;
204;Citizens Advice - After Refugee Status;Third Sector;https://www.citizensadvice.org.uk/immigration/asylum-and-refugees/after-you-get-refugee-status/;Benefits Eligibility;Help us improve our website;Take 5 minutes to tell us if you found what you needed on our website.Your feedback will help us give millions of people the information they need. If you’ve claimed asylum and you get refugee status, the Home Office will create a UK Visas and Immigration (UKVI) account. This will give you online evidence of your immigration status - also called an ‘eVisa’. The Home Office will send you a UKVI customer number and instructions on how to use it to access your account and eVisa. If you have a biometric residence permit (BRP) it’s no longer valid - your eVisa has replaced it. You’ll need to use your UKVI account to prove your immigration status instead. You canget help setting up an online status. You can use your eVisa to confirm your: • right to any public services or benefits that you're entitled to right to any public services or benefits that you're entitled to Take 5 minutes to tell us if you found what you needed on our website.Your feedback will help us give millions of people the information they need. Page last reviewed on27 September 2019;2;;;;;
205;Citizens Advice - After Refugee Status;Third Sector;https://www.citizensadvice.org.uk/immigration/asylum-and-refugees/after-you-get-refugee-status/;Benefits Eligibility;If you already live with friends or family;You don’t need to move. If your friends or family are claiming benefits to help them pay rent, it might mean they get less.;1;;;;;
206;Citizens Advice - After Refugee Status;Third Sector;https://www.citizensadvice.org.uk/immigration/asylum-and-refugees/after-you-get-refugee-status/;Benefits Eligibility;If you need extra support;Contact your local Citizens Advicefor help with benefits and housing, and to get details of local charities, English language schools and community groups.;1;;;;;
207;Citizens Advice - After Refugee Status;Third Sector;https://www.citizensadvice.org.uk/immigration/asylum-and-refugees/after-you-get-refugee-status/;Benefits Eligibility;If you need help getting housing;Contact your local councilor housing office as soon as you can. The Home Office don’t provide accommodation to refugees, but your local council will be able to talk you through your options. Whether you can stay in the same area depends on things like: • how long you’ve lived there how long you’ve lived there • if you have family in the area if you have family in the area • if you’re at risk of becoming homeless if you’re at risk of becoming homeless It’s worth knowing there are long waiting lists for accommodation - you might be put in a bed and breakfast (B&B) or hostel temporarily.;2;;;;;
208;Citizens Advice - After Refugee Status;Third Sector;https://www.citizensadvice.org.uk/immigration/asylum-and-refugees/after-you-get-refugee-status/;Benefits Eligibility;Opening a bank account;Now that you have an immigration status, you’re allowed toopen a UK bank account. It makes things like paying for food and bills much easier. It should be an easy process if you have proof of your immigration status. You can show them your decision letter or give them a share code if you have an online immigration status. The bank can also check with the Home Office to confirm you have permission to stay in the UK. You canview your immigration status and get a share code on GOV.UK.;1;;;;;
209;Citizens Advice - After Refugee Status;Third Sector;https://www.citizensadvice.org.uk/immigration/asylum-and-refugees/after-you-get-refugee-status/;Benefits Eligibility;Travelling outside the UK;If you don’t have a passport, you can apply for a travel document. This lets you leave and return to the UK. You canapply for a travel document on GOV.UK.;1;;;;;
210;Citizens Advice - After Refugee Status;Third Sector;https://www.citizensadvice.org.uk/immigration/asylum-and-refugees/after-you-get-refugee-status/;Benefits Eligibility;Working;If you’re ready to look for work, you cansearch online. If you’re in London, theRefugee Council’s employment advice and support servicehave a course that will help you if you’re not quite sure where to start. If you have qualifications from your home country, to find a similar job here, you'll need to find their UK equivalent.Check your qualifications on the Ecctis website. A fee is charged for this service. When you’re offered a job, you’ll need to prove your right to work in the UK.Check how to prove your right to work.;2;;;;;
211;Citizens Advice - Get Immigration Advice;Third Sector;https://www.citizensadvice.org.uk/immigration/get-help/get-immigration-advice/;General Orientation;Before you get specialist immigration advice;Check if you have to pay for it and what the fees are. Getting help from Citizens Advice is always free. If you decide to work with the specialist, make sure: • they confirm their advice in writing they confirm their advice in writing • they keep you updated on your case at least every 3 months they keep you updated on your case at least every 3 months • you have copies of any original documents you give them you have copies of any original documents you give them If the specialist is a solicitor, you canget advice about what will happen before, during and after your appointmenton the Law Society’s website.;1;;;;;
212;Citizens Advice - Get Immigration Advice;Third Sector;https://www.citizensadvice.org.uk/immigration/get-help/get-immigration-advice/;General Orientation;Changes to immigration rules;On 12 May 2025, the government announced plans to change immigration rules. The changes might affect how long you have to wait to get indefinite leave to remain and British citizenship. The government haven’t said when these rules will change. You cancheck how the changes to immigration rules might affect you. If you need help with an immigration problem, you cancontact your nearest Citizens Advicefor free and confidential advice. They might be able to help you with issues like: • applying to the EU Settlement Scheme applying to the EU Settlement Scheme • problems with coming to the UK or staying in the UK - for example, applying for entry clearance, leave to enter, leave to remain or residence permits problems with coming to the UK or staying in the UK - for example, applying for entry clearance, leave to enter, leave to remain or residence permits • becoming a British citizen - also known as ‘naturalisation’ becoming a British citizen - also known as ‘naturalisation’ • your right to work, claim benefits and use public services in the UK your right to work, claim benefits and use public services in the UK • getting replacement immigration documents getting replacement immigration documents;2;;;;;
213;Citizens Advice - Get Immigration Advice;Third Sector;https://www.citizensadvice.org.uk/immigration/get-help/get-immigration-advice/;General Orientation;Help us improve our website;Take 5 minutes to tell us if you found what you needed on our website.Your feedback will help us give millions of people the information they need. Take 5 minutes to tell us if you found what you needed on our website.Your feedback will help us give millions of people the information they need. Page last reviewed on19 June 2024;1;;;;;
214;Citizens Advice - Get Immigration Advice;Third Sector;https://www.citizensadvice.org.uk/immigration/get-help/get-immigration-advice/;General Orientation;If you need help paying for a solicitor;You might be eligible for free legal help - this is called ‘legal aid’. You can get legal aid if you’re on a low income and you’re: • experiencing domestic abuse experiencing domestic abuse • applying for asylum applying for asylum • a victim of trafficking a victim of trafficking If you’re under 18, you can get legal aid for all immigration and citizenship applications if you: • have been separated from your parents have been separated from your parents • aren’t being cared for by someone with parental responsibility for you aren’t being cared for by someone with parental responsibility for you Check if you’re eligible for legal aid for your immigration problemon GOV.UK. If you can get legal aid, make sure you choose an adviser with legal aid funding. If you choose an adviser without legal aid funding, you could end up spending thousands of pounds.;1;;;;;
215;Citizens Advice - Get Immigration Advice;Third Sector;https://www.citizensadvice.org.uk/immigration/get-help/get-immigration-advice/;General Orientation;If your problem is complicated;Your local Citizens Advice can help you if they have a specialist immigration adviser. If they can't help you, you can: • ask them to direct you to another organisation or a solicitor ask them to direct you to another organisation or a solicitor • search for an immigration advisernear you search for an immigration advisernear you Immigration specialists must be registered with the Immigration Advice Authority (IAA) -check if a specialist is registered with the Immigration Advice Authority on GOV.UK. All Citizens Advice advisers are registered with the IAA.;2;;;;;
216;Citizens Advice - Immigration Status and Benefits;Third Sector;https://www.citizensadvice.org.uk/immigration/benefits-services-and-your-immigration-status/check-if-your-immigration-status-lets-you-get-benefits-and-help-with-housing/;Benefits Eligibility;Applying for council housing or making a homeless application;You’re allowed to apply, but it will make it more difficult for your partner or children to extend their visa or get indefinite leave.Talk to an adviserbefore you apply, or if you’re worried because you’ve already applied.;2;;;;;
217;Citizens Advice - Immigration Status and Benefits;Third Sector;https://www.citizensadvice.org.uk/immigration/benefits-services-and-your-immigration-status/check-if-your-immigration-status-lets-you-get-benefits-and-help-with-housing/;Benefits Eligibility;Check if you can get a faster decision on your application;The Home Office will look at your application faster if you’re in a difficult or dangerous situation. If you’re ‘street homeless’ or your situation is very urgent, the Home Office will try to decide within 3 working days. Street homeless means you sleep outdoors at night. You’ll need proof from your local council or street homelessness charity that says you’re street homeless. If you or your children are ‘vulnerable’, the Home Office will try to decide within 14 working days. You’re usually classed as vulnerable if you need special care because of: • a risk of abuse or neglect a risk of abuse or neglect;1;;;;;
218;Citizens Advice - Immigration Status and Benefits;Third Sector;https://www.citizensadvice.org.uk/immigration/benefits-services-and-your-immigration-status/check-if-your-immigration-status-lets-you-get-benefits-and-help-with-housing/;Benefits Eligibility;Check if your immigration status lets you claim public funds;You’re always allowed to claim public funds if you have any of the following: • British or Irish citizenship British or Irish citizenship • settled status from the EU Settlement Scheme settled status from the EU Settlement Scheme • indefinite leave - unless you came to the UK on an adult dependent relative visa indefinite leave - unless you came to the UK on an adult dependent relative visa • refugee status or humanitarian protection refugee status or humanitarian protection If you don’t have a right to be in the UK, you can’t claim public funds.;1;;;;;
219;Citizens Advice - Immigration Status and Benefits;Third Sector;https://www.citizensadvice.org.uk/immigration/benefits-services-and-your-immigration-status/check-if-your-immigration-status-lets-you-get-benefits-and-help-with-housing/;Benefits Eligibility;Check what benefits are included in public funds;If you’re not allowed to claim public funds, this includes claiming any of the following benefits from the government: • Universal Credit Universal Credit • Personal Independence Payment (PIP) Personal Independence Payment (PIP) • Disability Living Allowance (DLA) Disability Living Allowance (DLA) • Attendance Allowance Attendance Allowance • Carer’s Allowance Carer’s Allowance • Winter Fuel Payments and Cold Weather Payments Winter Fuel Payments and Cold Weather Payments • Funeral Payments Funeral Payments • Sure Start Maternity Grants Sure Start Maternity Grants You’re also not allowed to claim the following benefits that Universal Credit is replacing: • income-related Employment and Support Allowance (ESA) income-related Employment and Support Allowance (ESA) • income-based Jobseeker’s Allowance (JSA) income-based Jobseeker’s Allowance (JSA) You’re also not allowed to claim any of the following benefits from your local council: • Housing Benefit Housing Benefit • Council Tax Reduction - or Council Tax Support or Council Tax Benefit Council Tax Reduction - or Council Tax Support or Council Tax Benefit • Discretionary Welfare Payments Discretionary Welfare Payments • welfare assistance or Crisis Payments from the Crisis and Resilience Fund welfare assistance or Crisis Payments from the Crisis and Resilience Fund You’re also not allowed to claim any of the following benefits from your local council: • Housing Benefit Housing Benefit • Council Tax Reduction - or Council Tax Support or Council Tax Benefit Council Tax Reduction - or Council Tax Support or Council Tax Benefit • Discretionary Welfare Payments Discretionary Welfare Payments • welfare assistance or payments from the Household Support Fund welfare assistance or payments from the Household Support Fund;1;;;;;
220;Citizens Advice - Immigration Status and Benefits;Third Sector;https://www.citizensadvice.org.uk/immigration/benefits-services-and-your-immigration-status/check-if-your-immigration-status-lets-you-get-benefits-and-help-with-housing/;Benefits Eligibility;Check what help with housing counts as public funds;If you’re not allowed to claim public funds, this includes applying for council housing or making a homeless application to your local council. It doesn’t count as claiming public funds if you apply for key worker housing - for example if you’re a nurse. It also doesn’t count as claiming public funds if you’re housed by your local council because either: • your child’s health or development is at risk - you’ll be housed under the ‘Children Act’ your child’s health or development is at risk - you’ll be housed under the ‘Children Act’ • you’re disabled and need help - you’ll be housed under the ‘Care Act’ you’re disabled and need help - you’ll be housed under the ‘Care Act’;1;;;;;
221;Citizens Advice - Immigration Status and Benefits;Third Sector;https://www.citizensadvice.org.uk/immigration/benefits-services-and-your-immigration-status/check-if-your-immigration-status-lets-you-get-benefits-and-help-with-housing/;Benefits Eligibility;Check what help you can get if you’re not allowed to claim public funds;You’re allowed to claim benefits that don’t count as public funds. This includes: • new style Jobseeker’s Allowance (JSA) -check if you can get 'new style' JSA new style Jobseeker’s Allowance (JSA) -check if you can get 'new style' JSA • new style Employment and Support Allowance (ESA) -check if you can claim ‘new style’ ESA new style Employment and Support Allowance (ESA) -check if you can claim ‘new style’ ESA • State Pension -check if you can claim State Pension State Pension -check if you can claim State Pension • Bereavement Support Payments -check if you can get Bereavement Support Payments Bereavement Support Payments -check if you can get Bereavement Support Payments • Maternity Pay or Maternity Allowance -check if you can claim Maternity Pay or Maternity Allowance Maternity Pay or Maternity Allowance -check if you can claim Maternity Pay or Maternity Allowance • Statutory Sick Pay -check if you can claim Statutory Sick Pay Statutory Sick Pay -check if you can claim Statutory Sick Pay • a discretionary reduction of your Council Tax -check if you can pay less Council Tax a discretionary reduction of your Council Tax -check if you can pay less Council Tax You can use other public services - for example you can send your children to state schools. If you have permission to be in the UK, you can use the NHS without paying - unless you have a visitor visa or you entered the UK as a visitor using an eGate. You cancheck the full rules about using the NHS if you’re from abroad on the NHS website.;2;;;;;
222;Citizens Advice - Immigration Status and Benefits;Third Sector;https://www.citizensadvice.org.uk/immigration/benefits-services-and-your-immigration-status/check-if-your-immigration-status-lets-you-get-benefits-and-help-with-housing/;Benefits Eligibility;Claiming benefits;Some benefits aren’t affected by your partner or child. You can claim the following benefits for yourself: • Personal Independence Payment (PIP) Personal Independence Payment (PIP) • Attendance Allowance Attendance Allowance • Carer’s Allowance Carer’s Allowance If your child isn’t allowed to claim public funds, you can’t claim Disability Living Allowance (DLA) for them. The rules are more complicated for other benefits - for example Universal Credit. If you get more money from benefits because of your partner or child, this might make it difficult for them to extend their visa or get indefinite leave.Talk to an adviserbefore you claim other benefits, or if you’re worried because you’ve already claimed them.;1;;;;;
223;Citizens Advice - Immigration Status and Benefits;Third Sector;https://www.citizensadvice.org.uk/immigration/benefits-services-and-your-immigration-status/check-if-your-immigration-status-lets-you-get-benefits-and-help-with-housing/;Benefits Eligibility;Extending a partner or parent visa if you’re struggling with money;If you don’t have enough money to live on, this might also affect: • how you apply to extend your visa how you apply to extend your visa • when you can apply for indefinite leave when you can apply for indefinite leave If you have a partner or parent visa, you’ll be on either the ‘5-year route’ or the ‘10-year route’ to settlement in the UK. This affects when you can apply for indefinite leave. If you’re not sure which route you’re on, check the letter that came with your visa or permit. If it doesn’t say which route you’re on, you’re probably on the 5-year route. If you’re on the 5-year route, you’ll need to have a certain amount of income or savings when you apply to extend your visa or get indefinite leave. This is called the ‘financial requirement’. You need to meet the financial requirement even if the no public funds condition is removed. If you don't meet the financial requirement, you’ll need to apply to move to the 10-year route instead. This means you’ll have to wait longer before you can get indefinite leave.Talk to an adviserif you want to move to the 10-year route.;1;;;;;
224;Citizens Advice - Immigration Status and Benefits;Third Sector;https://www.citizensadvice.org.uk/immigration/benefits-services-and-your-immigration-status/check-if-your-immigration-status-lets-you-get-benefits-and-help-with-housing/;Benefits Eligibility;Getting a no public funds condition removed;You might be able to apply to remove the condition if one of the following applies: • you won’t have enough money to feed yourself or your family - or afford somewhere to live you won’t have enough money to feed yourself or your family - or afford somewhere to live • your child’s welfare might be harmed because of your low income your child’s welfare might be harmed because of your low income • you don’t have enough money to live on because of exceptional circumstances - for example, if you have extra costs because you’re disabled you don’t have enough money to live on because of exceptional circumstances - for example, if you have extra costs because you’re disabled If you’re not on a partner, parent or British National (Overseas) visa, you also have to show it's not reasonable for you to go to the country where you're a citizen. If you’re ready to apply, you canget the form to remove the no public funds condition on GOV.UK. You can find advice about how to apply further down on the GOV.UK page, starting where it says ‘Evidence required’. If you need help to apply or you’re not sure if you should apply,get help from a specialist adviser.;2;;;;;
225;Citizens Advice - Immigration Status and Benefits;Third Sector;https://www.citizensadvice.org.uk/immigration/benefits-services-and-your-immigration-status/check-if-your-immigration-status-lets-you-get-benefits-and-help-with-housing/;Benefits Eligibility;Help us improve our website;Take 5 minutes to tell us if you found what you needed on our website.Your feedback will help us give millions of people the information they need. If you’re not a British citizen, you should check if your immigration status lets you claim ‘public funds’. Public funds include most benefits, applying for social housing or making a homeless application. You should also check what you can do if you can claim public funds but you have a partner or child who can’t. If you’re struggling because you’re not allowed to claim public funds, there might be other support you can get. You might also be able to apply to get access to public funds. Take 5 minutes to tell us if you found what you needed on our website.Your feedback will help us give millions of people the information they need. Page last reviewed on05 August 2022;1;;;;;
226;Citizens Advice - Immigration Status and Benefits;Third Sector;https://www.citizensadvice.org.uk/immigration/benefits-services-and-your-immigration-status/check-if-your-immigration-status-lets-you-get-benefits-and-help-with-housing/;Benefits Eligibility;If you apply for public funds when you’re not allowed to;Your application for public funds will usually be refused. The Home Office might refuse any immigration applications you make in the future. They might refuse an application to: • extend your visa extend your visa • change to a different visa change to a different visa • get a permanent right to live in the UK - this is called ‘indefinite leave’ get a permanent right to live in the UK - this is called ‘indefinite leave’ In rare cases, the Home Office might take you to court or end your visa early. If you’re worried that you’ve claimed public funds when you weren’t allowed to,talk to an adviser.;2;;;;;
227;Citizens Advice - Immigration Status and Benefits;Third Sector;https://www.citizensadvice.org.uk/immigration/benefits-services-and-your-immigration-status/check-if-your-immigration-status-lets-you-get-benefits-and-help-with-housing/;Benefits Eligibility;If you came to the UK on an adult dependent relative visa;You may have an adult dependent relative visa if your family member needs to look after you and you’re their: There are special rules because your family member had to sign a ‘maintenance undertaking’. This is a form that says they’ll support you financially. If you have indefinite leave as an adult dependent relative, you can’t claim the following benefits: • Universal Credit Universal Credit • Housing Benefit Housing Benefit • income-related Employment and Support Allowance (ESA) income-related Employment and Support Allowance (ESA) • income-based Jobseeker’s Allowance (JSA) income-based Jobseeker’s Allowance (JSA) You also can’t apply for council housing, or make a homeless application to your local council. The rules end 5 years after you arrive - or earlier if the family member who signed the maintenance undertaking dies. You can claim any other benefits, for example Personal Independence Payment or Attendance Allowance. If you don’t have indefinite leave, you can’t claim any public funds. This is called having a ‘no public funds condition’. You’ll only be in this situation if the family member who signed the maintenance undertaking was a refugee who didn’t have indefinite leave.;1;;;;;
228;Citizens Advice - Immigration Status and Benefits;Third Sector;https://www.citizensadvice.org.uk/immigration/benefits-services-and-your-immigration-status/check-if-your-immigration-status-lets-you-get-benefits-and-help-with-housing/;Benefits Eligibility;If you have any other immigration status;Check your immigration documents, including: • your biometric residence permit your biometric residence permit • your decision letter from the Home Office your decision letter from the Home Office • your online immigration status if you have one your online immigration status if you have one You’re not usually allowed to claim public funds if it says ‘no public funds’ or ‘no recourse to public funds’ on your documents. This is called having a ‘no public funds condition’. If your immigration documents don’t say you have a no public funds condition, you can claim public funds. If you came to the UK as a visitor, you have a no public funds condition. This includes if you scanned your passport at an ‘eGate’ and didn’t get any immigration documents.;1;;;;;
229;Citizens Advice - Immigration Status and Benefits;Third Sector;https://www.citizensadvice.org.uk/immigration/benefits-services-and-your-immigration-status/check-if-your-immigration-status-lets-you-get-benefits-and-help-with-housing/;Benefits Eligibility;If you have children;If your children are at school,check if you can claim free school meals. If you have a child aged under 4 or you’re at least 10 weeks pregnant, you might be able to apply to the Healthy Start scheme. This gives you a prepaid card with money to buy healthy food like milk and fruit. You can apply if both of the following apply: • you have a child who is a British citizen - it doesn’t have to be the child you’re claiming for you have a child who is a British citizen - it doesn’t have to be the child you’re claiming for • your family earns a total of less than £408 each month after tax your family earns a total of less than £408 each month after tax Find out more about the Healthy Start scheme and how to apply.;1;;;;;
230;Citizens Advice - Immigration Status and Benefits;Third Sector;https://www.citizensadvice.org.uk/immigration/benefits-services-and-your-immigration-status/check-if-your-immigration-status-lets-you-get-benefits-and-help-with-housing/;Benefits Eligibility;If you have pre-settled status from the EU Settlement Scheme;You can claim public funds - this means you can get: • Personal Independence Payment (PIP) Personal Independence Payment (PIP) • Disability Living Allowance (DLA) Disability Living Allowance (DLA) • Attendance Allowance Attendance Allowance • Carer’s Allowance Carer’s Allowance You’re usually only allowed to claim other public funds if you also have a 'right to reside'. You can have a right to reside for different reasons - for example, because of things like your work or your family. You can: • check if you have a right to reside for benefits check if you have a right to reside for benefits • check if you have a right to reside for council housing and homelessness check if you have a right to reside for council housing and homelessness You can usually switch to settled status after you’ve been in the UK for 5 years. You can claim public funds when you have settled status.Check the rules about switching to settled status.;2;;;;;
231;Citizens Advice - Immigration Status and Benefits;Third Sector;https://www.citizensadvice.org.uk/immigration/benefits-services-and-your-immigration-status/check-if-your-immigration-status-lets-you-get-benefits-and-help-with-housing/;Benefits Eligibility;If your child’s health or development is at risk;You’re allowed to apply for help from your local council.Check what help you can get if your child is at risk.;1;;;;;
232;Citizens Advice - Immigration Status and Benefits;Third Sector;https://www.citizensadvice.org.uk/immigration/benefits-services-and-your-immigration-status/check-if-your-immigration-status-lets-you-get-benefits-and-help-with-housing/;Benefits Eligibility;If your partner or child can’t claim public funds;There are extra rules if you can claim public funds but your partner or child can’t.;2;;;;;
233;Citizens Advice - Immigration Status and Benefits;Third Sector;https://www.citizensadvice.org.uk/immigration/benefits-services-and-your-immigration-status/check-if-your-immigration-status-lets-you-get-benefits-and-help-with-housing/;Benefits Eligibility;If your visa has ended;The rules depend on whether you applied to change or extend your visa before it ended. If you applied before your visa ended and you’re waiting for a decision, you still have the same rights as under your old visa. Check your documents to see if you were allowed to claim public funds. If you didn’t apply to change or extend your visa on time, you can’t claim public funds. If you were already getting benefits, you need to tell your benefits provider your visa has ended - they will stop your benefits. If you don’t tell them, you’ll have to pay the benefits back later.Check what you can do if your visa has ended.;2;;;;;
234;Citizens Advice - Immigration Status and Benefits;Third Sector;https://www.citizensadvice.org.uk/immigration/benefits-services-and-your-immigration-status/check-if-your-immigration-status-lets-you-get-benefits-and-help-with-housing/;Benefits Eligibility;If you’re disabled and need help;You’re allowed to apply to your local council for help and care. You’ll need to show it’s not reasonable for you to return to another country to get help and care. You canfind your local council on GOV.UK.;1;;;;;
235;Citizens Advice - Immigration Status and Benefits;Third Sector;https://www.citizensadvice.org.uk/immigration/benefits-services-and-your-immigration-status/check-if-your-immigration-status-lets-you-get-benefits-and-help-with-housing/;Benefits Eligibility;If you’re waiting for a decision from the EU Settlement Scheme;You’re usually only allowed to claim public funds if you have a ‘right to reside’. You can have a right to reside for different reasons - for example, because of things like your work or your family. You can: • check if you have a right to reside for benefits check if you have a right to reside for benefits • check if you have a right to reside for council housing and homelessness check if you have a right to reside for council housing and homelessness;1;;;;;
236;Citizens Advice - Immigration Status and Benefits;Third Sector;https://www.citizensadvice.org.uk/immigration/benefits-services-and-your-immigration-status/check-if-your-immigration-status-lets-you-get-benefits-and-help-with-housing/;Benefits Eligibility;If you’ve applied for asylum;You might be able to get housing and money while you wait for a decision about your application.Check what asylum support you can get and how to claim on GOV.UK.;1;;;;;
237;Citizens Advice - Immigration Status and Benefits;Third Sector;https://www.citizensadvice.org.uk/immigration/benefits-services-and-your-immigration-status/check-if-your-immigration-status-lets-you-get-benefits-and-help-with-housing/;Benefits Eligibility;If you’ve experienced domestic abuse;You and your children might be able to apply for indefinite leave if your relationship with your partner has ended because of domestic abuse.Check what domestic abuse is. You must have either: • a partner visa - this doesn’t include fiancé(e) or proposed civil partner visas a partner visa - this doesn’t include fiancé(e) or proposed civil partner visas • pre-settled status as a partner or dependant child of an EU, EEA or Swiss citizen pre-settled status as a partner or dependant child of an EU, EEA or Swiss citizen You can usually apply to access benefits while you’re applying for indefinite leave. This is called applying under the ‘migrant victims of domestic abuse' (MVDA) concession. Check the rules about applying for indefinite leave if you've experienced domestic abuse.;2;;;;;
238;Citizens Advice - Immigration Status and Benefits;Third Sector;https://www.citizensadvice.org.uk/immigration/benefits-services-and-your-immigration-status/check-if-your-immigration-status-lets-you-get-benefits-and-help-with-housing/;Benefits Eligibility;If you’ve recently arrived in the UK;For some benefits, you must have been living in the UK for a certain amount of time before you can claim - for example Personal Independence Payment (PIP). To claim many other benefits or get help with housing, you need to show the UK is your main home and you plan to stay here. This is known as being ‘habitually resident’ in the UK. It’s harder to show you’re habitually resident if you’ve recently arrived in the UK - unless you were living in Ireland, Jersey, Guernsey or the Isle of Man. You have to meet these requirements even if you’re allowed to claim public funds. If you have refugee status or humanitarian protection, you will not have to meet these requirements. Check the rules for the benefit you want to claim.;1;;;;;
239;Citizens Advice - Immigration Status and Benefits;Third Sector;https://www.citizensadvice.org.uk/immigration/benefits-services-and-your-immigration-status/check-if-your-immigration-status-lets-you-get-benefits-and-help-with-housing/;Benefits Eligibility;What you can do to help your case;You’ll need to prove to the Home Office that your case is urgent. You should: • send proof of your situation - this could be a letter from a doctor, a social worker or a support group send proof of your situation - this could be a letter from a doctor, a social worker or a support group • explain your needs - tell them why you need a fast decision to keep you or your family safe explain your needs - tell them why you need a fast decision to keep you or your family safe You should explain why your case is urgent in your application and send as much proof as you can when you apply. If you need to send more proof after you apply, check the letter or email the Home Office sent when you applied. This should tell you how to send more information or documents. You should send any extra proof as soon as you can.;1;;;;;
240;Citizens Advice - Prepare for Asylum Interview;Third Sector;https://www.citizensadvice.org.uk/immigration/asylum-and-refugees/prepare-for-asylum-interview/;Immigration Status;After the interview;You have 5 days after the interview to send in a statement (or ‘make representations’) - you can mention anything you didn’t talk about during the interview. You’ll be told how to do this after the interview. To make your statement, take the following steps: • Listen back to the recording of the interview, if you have one. Listen back to the recording of the interview, if you have one. • Check that nothing was misinterpreted - for example, by an interpreter. Check that nothing was misinterpreted - for example, by an interpreter. • Think about everything that you wanted to mention on the day - and make sure you covered anything that would help your case. Think about everything that you wanted to mention on the day - and make sure you covered anything that would help your case. • Include anything you missed out in the statement. Include anything you missed out in the statement. You’ll be told where to send the statement on the day of the interview.;1;;;;;
241;Citizens Advice - Prepare for Asylum Interview;Third Sector;https://www.citizensadvice.org.uk/immigration/asylum-and-refugees/prepare-for-asylum-interview/;Immigration Status;At the interview;The interview is your chance to talk about everything that’s led to you applying for asylum. It’s likely to be emotional for you, but it’s important that you’re honest throughout. The Home Office could use it against you if you say something in your questionnaire or interview that’s different from your screening interview. If you said something wrong at your screening interview, you should explain why to your interviewer. There’s no set time for how long the interview can take - it could last a few hours. If you sent in a questionnaire or written statement beforehand, the questions will be based around the information you gave. You should also expect the interviewer to ask questions about: • why you’ve left your home country why you’ve left your home country • why your home country is dangerous for you why your home country is dangerous for you • how you got to the UK how you got to the UK • when you got the UK when you got the UK • why you didn’t claim asylum in a safe country - if you passed through one to get to the UK why you didn’t claim asylum in a safe country - if you passed through one to get to the UK • why you entered the UK illegally - if you entered illegally why you entered the UK illegally - if you entered illegally;1;;;;;
242;Citizens Advice - Prepare for Asylum Interview;Third Sector;https://www.citizensadvice.org.uk/immigration/asylum-and-refugees/prepare-for-asylum-interview/;Immigration Status;Before the interview;If you’ve not been sent a questionnaire, it might be a good idea to send a written statement to support your claim before your interview - you should ask your legal adviser for help with this. You should ask for the interview to be recorded. You must do this at least 24 hours before the interview. It’s a good idea, just in case: • an interpreter makes a mistake an interpreter makes a mistake • you’re not sure if you mentioned something you’re not sure if you mentioned something Your interview letter will tell you how to do this, or you cancontact your local Citizens Adviceif you need help. You can also ask for a male or female interviewer (and interpreter, if you need one) - do whatever makes you feel more comfortable.;1;;;;;
243;Citizens Advice - Prepare for Asylum Interview;Third Sector;https://www.citizensadvice.org.uk/immigration/asylum-and-refugees/prepare-for-asylum-interview/;Immigration Status;Help us improve our website;Take 5 minutes to tell us if you found what you needed on our website.Your feedback will help us give millions of people the information they need. After you apply for asylum, you’ll have to do one of the following: • go to an asylum interview go to an asylum interview • fill in a questionnaire fill in a questionnaire • fill in a questionnaire and then go to an asylum interview fill in a questionnaire and then go to an asylum interview It’s really important that youget advice from an immigration specialist. Your case is more likely to be successful if the evidence you have is prepared properly - it’s hard to do this on your own. As an asylum seeker, you might be entitled tolegal aid(depending on your savings and income). If you get legal aid, you won’t have to pay for legal advice. If you’re eligible, don’t let anyone charge you - you’ll spend money for no reason. Take 5 minutes to tell us if you found what you needed on our website.Your feedback will help us give millions of people the information they need. Page last reviewed on27 September 2019;1;;;;;
244;Citizens Advice - Prepare for Asylum Interview;Third Sector;https://www.citizensadvice.org.uk/immigration/asylum-and-refugees/prepare-for-asylum-interview/;Immigration Status;If you don’t know how to answer a question;It’s fine to tell the interviewer that you don’t know the answer to a question - it’s better to say “I don’t know” rather than guess. Or if there’s something you’re not comfortable answering, you can say you don’t want to answer. Ask for a break if you need one - the interviewer should understand.;1;;;;;
245;Citizens Advice - Prepare for Asylum Interview;Third Sector;https://www.citizensadvice.org.uk/immigration/asylum-and-refugees/prepare-for-asylum-interview/;Immigration Status;If you get a questionnaire;You should ask your legal adviser to help you with your questionnaire. You’ll need to return the questionnaire by the deadline on your letter. You can ask for more time if you need longer to complete the questionnaire or to find legal advice. It’s a chance for you to tell the Home Office more about your background. The questionnaire will include questions about: • why you’re afraid of returning to your home country why you’re afraid of returning to your home country • what happened to you and when what happened to you and when • how you entered the UK how you entered the UK • which countries you passed through to get to the UK which countries you passed through to get to the UK Your letter should tell you whether you need to fill in the questionnaire instead of going to an interview or before you go to your interview.;1;;;;;
246;Citizens Advice - Prepare for Asylum Interview;Third Sector;https://www.citizensadvice.org.uk/immigration/asylum-and-refugees/prepare-for-asylum-interview/;Immigration Status;If you’ve been invited to an asylum interview;Your asylum interview (or ‘substantive interview’) is an important step in your application for refugee status - it’s a chance for you to put your case across to someone from the Home Office. They’ll make a decision based on what you say. Your application will usually be rejected if you don’t go to your interview. Your interview will happen after your ‘screening’ - it could be anything from a week to a year or even later. The Home Office will send you a letter telling you when your interview will be.;1;;;;;
247;Citizens Advice - Prepare for Asylum Interview;Third Sector;https://www.citizensadvice.org.uk/immigration/asylum-and-refugees/prepare-for-asylum-interview/;Immigration Status;Planning travel;You’ll have to travel to your interview - they usually take place in big cities like Belfast, London, Leeds and Liverpool. If you’re receiving Asylum Support, you should be sent a travel ticket. It might not arrive until the day before your interview. If it doesn’t arrive, call the number on your interview letter.;1;;;;;
248;Citizens Advice - Prepare for Asylum Interview;Third Sector;https://www.citizensadvice.org.uk/immigration/asylum-and-refugees/prepare-for-asylum-interview/;Immigration Status;What happens next;You’ll get a letter in the post from the Home Office. If you don’t hear 30 days after your interview, you’re unlikely to hear for another 6 months (or more) - even though the Home Office will tell you they have a target of 30 days. If you didn’t have to go to an interview, you should hear within 6 months. If you have a specialist (or lawyer), they should be writing to the Home Office every 3 months. Ask them to contact the Home Office regularly if they’re not doing this already. You’re entitled toAsylum Supportuntil you get your decision. Asylum Support means you will get housing and money to support you. You won’t be deported while you’re still waiting for your decision. You canfind out more about the interview and asylum processon the Right to Remain website.;2;;;;;
249;Citizens Advice - Prepare for Asylum Interview;Third Sector;https://www.citizensadvice.org.uk/immigration/asylum-and-refugees/prepare-for-asylum-interview/;Immigration Status;What to take with you;Your interview can’t go ahead if you don’t take all of these with you (or whichever documents you have): • your application registration card (ARC) your application registration card (ARC) • your passport or travel document your passport or travel document • a birth certificate a birth certificate • evidence of where you’re living - for example a utility bill evidence of where you’re living - for example a utility bill;1;;;;;
250;Citizens Advice - Prepare for Asylum Interview;Third Sector;https://www.citizensadvice.org.uk/immigration/asylum-and-refugees/prepare-for-asylum-interview/;Immigration Status;Who to take with you;Your letter will say who you need to take with you. You don’t need to take your children to the interview - even if you’re applying on their behalf. They might be distracting for your interviewer. Try finding a friend to look after your children - if you can’t find anyone, call the number on your interview letter. They’ll either: • find a new date when you can find childcare find a new date when you can find childcare • find childcare for you that’s close to the interview find childcare for you that’s close to the interview You can’t take a friend or family member to the interview. It’ll normally be you, the interviewer and the Home Office interpreter if you need one. You can take a lawyer and their interpreter. This won’t be covered by legal aid unless you’re: • a vulnerable person - for example, if you’re disabled or seriously ill a vulnerable person - for example, if you’re disabled or seriously ill;1;;;;;
251;Migrant Help - Advice and Guidance;Third Sector;https://www.migranthelpuk.org/advice-and-guidance;General Orientation;TRANSLATED ASYLUM ADVICE is availablehere.;You can access our asylum advice guide in Albanian, Amharic, Arabic, Chinese Mandarin, Farsi, Kurdish Sorani, Pashto, Punjabi (Indian), Spanish, Tigrinya and Urdu (Pakistan). We know that the asylum process can be complex and difficult to navigate. We have put together a guide that takes you through all the stages. It will help you to understand your rights and responsibilities and to make informed decisions. The Asylum Advice guide consists of the following sections. Section 1: Migrant Help services This section outlines the services Migrant Help provides to asylum seekers in the United Kingdom and how to access them. Read the full section. Section 2: Claiming asylum In this section, you can read about how to claim asylum in the UK. It also talks about what you can expect during your screening interview with the Home Office and how to complain if you feel you have been treated unfairly. There is also information about financial and accommodation support available, what health care you are entitled to, and the documents you will be given at, or shortly after the interview. It explains reporting requirements, accessing legal advice and your duty to inform the Home Office of any change of circumstances. You can view the asylum processhere. Watch our videos explaining theasylum screening interviewandhow to apply for asylum support. Read the full section. Section 3: Main asylum interview Here you will find out about the main asylum interview and how to prepare for it, as well as a short overview of possible outcomes. Watch our video explaining themain asylum interview. Read the full section. Section 4: Post decision – positive This section explains what happens after you have been granted leave to remain in the UK and what paperwork you will be given. It outlines the support Migrant Help can offer during the post-decision period. Watch our video explaining the support available following a positive decision. Read the full section. Section 5: Post decision – negative This tells you about your options in case your claim has been refused, how to access legal advice and appeal against the decision. It explains what you can do if you become ‘appeal rights exhausted’, including the support Migrant Help can offer you. It also explains the Voluntary Returns Service. Read the full section. Section 6: Specialist support Here you can find out about tracing your family, as well as support for victims of slavery, torture, sexual violence or female genital mutilation. It also tells you how to report a crime to the police. Read the full section. Section 7: Useful contact This section contains contact details of other organisation that provide support and assistance to asylum seekers and refugees. Read the full section. You can read the full Asylum Advice guidehere. Please notethat we are able to give advice on rights and entitlements, but we are not able to provide legal advice or legal representation. If we cannot help, we will provide you with a list of qualified legal representatives.;2;;;;;
252;Migrant Help - Asylum Support Rate;Third Sector;https://www.migranthelpuk.org/asylum-support-rate;Financial Support;;Type of support Type of support S4/S95 self-catered S4/S95 self-catered Pre dispersal payments Pre dispersal payments £9.95For those that have been granted support and are in full board accommodation. For those that have been granted support and are in full board accommodation. Extended periods in hospital Extended periods in hospital Pregnancy payment Pregnancy payment Child aged 1 to 3 Child aged 1 to 3 Section 98/95 maternity grant Section 98/95 maternity grant £300.00The eligibility period for this payment has been extended. These can now be applied for11 weeks before the expected birth and 6 months after birth. The eligibility period for this payment has been extended. These can now be applied for11 weeks before the expected birth and 6 months after birth. Section 4 maternity grant Section 4 maternity grant £300.00Changes have been made to additional payments: there is now no funding for birth certificates or transport to registrar).The eligibility period for this payment has been extended. These can now be applied for11 weeks before the expected birth and 6 months after birth. Changes have been made to additional payments: there is now no funding for birth certificates or transport to registrar).;3;;;;;
253;Right to Remain - After Refugee Status;Third Sector;https://righttoremain.org.uk/toolkit/what-happens-when-you-get-refugee-status/;Benefits Eligibility;;After receiving your refugee status, it can be confusing to know where you can access support. Although it is a relief to receive a grant of status, it is often a very overwhelming experience. Almost overnight, you need to learn what to do about how to get housing, social care, benefits, work, or bringing family to join you in the UK. This page provides a simple guide to help you navigate through this change, and signposts to other helpful resources. If your initial asylum claim wasrefusedby the Home Office and you are unsure of what steps to take next, read our Toolkit page on refusalshere. On this page, you will find the following information: • What is refugee status? • What comes after refugee status, including:How to apply for Indefinite Leave to Remain (settlement)Children of refugee parents, including:‘Leave in line’(for children born in the UK to refugee parents)British citizenship • How to apply for Indefinite Leave to Remain (settlement) • Children of refugee parents, including:‘Leave in line’(for children born in the UK to refugee parents) • ‘Leave in line’(for children born in the UK to refugee parents) • British citizenship • Employment and work for refugees • Education for refugees • Opening a bank account, including:Actions you can take • Actions you can take • Social care and benefits for refugees, including:Universal CreditChild benefit • Universal Credit • Housing for refugees, including:Applying as homeless to a local council • Applying as homeless to a local council • Useful resources;1;;;;;
254;Right to Remain - After Refugee Status;Third Sector;https://righttoremain.org.uk/toolkit/what-happens-when-you-get-refugee-status/;Benefits Eligibility;ACTION SECTION: Opening a bank account;To open a bank account, you will need a form of identification (ID) and, sometimes, proof of address. Many high street banks will require proof of address which many newly granted refugees do not have. Banks likeMonzoandMonesedo not require this and are easy to open an account with, but you will need a smartphone. Different bank branches of other high street banks (such as Lloyds, Nationwide and Halifax) have different requirements, and it is always worth going into the bank in person to explain your situation to them, and show them the documents you do have. This can include your ARC card, your share code, and/or your decision letter showing your grant of refugee status. TheRefugee Councilpublished a guide explaining how to open and use bank accounts in the UK which you can accesshere. In theirRefugee Transition Guide, theMigration Justice Projecthave shared that:“To receive payments from an employer, or social security benefits, you must have a UK bank account. Some banks allow you to open an account online, then visit them to verify your identity. You should do this as soon as possible, otherwise, you cannot receive Universal Credit. To open an account, you must prove your identity… and your address (letter from Housing Executive, Home Office, Mears or Universal Credit).”;2;;;;;
255;Right to Remain - After Refugee Status;Third Sector;https://righttoremain.org.uk/toolkit/what-happens-when-you-get-refugee-status/;Benefits Eligibility;Applying as homeless to a local council;"The Chartered Institute of Housing Rights has a very helpful resource outlining what it means to apply as homeless to a local council, and when/how to do this. You can access the full guidehere. If you are in Scotland, housing law is slightly different, for example, there is no ‘priority need’. You can learn more about housing in Scotlandhere. Local councils have a responsibility to make sure free housing advice and information is available to anyone in their area. This is to prevent homelessness or help homeless people find accommodation. But if, even after following the advice and using the information, you are still homeless or threatened with homelessness, you may be able to ask the council for more help, including temporary accommodation and help finding long-term accommodation. But councilsonlyhave to offer all this help if: • you are in one of the categories of people who areeligible;and • you are legally homeless or threatened with homelessness within 56 days (i.e. you don’t have a home in the UK or abroad where you can reasonably live);and • you are in priority need (because in your household there is an eligible child, pregnant woman or vulnerable person);and • you are not intentionally homeless (for example, you didn’t pay your rent or you gave up a home where you could reasonably have lived); in Wales some councils may not apply this rule;andEither: • you have a ‘local connection’ with the area where you are making the application (such as work, you lived there before or you have family members living there),OR • you have no connection with any area. So, to apply to a local council for support with homelessness, youmust: • Be eligible (checkherefor different eligibility criteria, which depend on whether you are a British/EEA citizen or a non-EEA citizen) • Be legally homeless or know you will be homeless within 56 days • Be in ‘priority need’ (due to vulnerability) • Not be ‘intentionally’ homeless (this means on purpose, if you have alternative options) • Have a ‘local connection’ (this means a tie to the place, for example if it was your asylum dispersal location)ORno connection to any local council area in the UK. This is because local councils have adutyto house someone who has a connection to their constituency, or who is in their constituency and does not have a connection to anywhere else in the UK. The concept of a ‘local connection’ is very important to bear in mind for people who have just obtained refugee status and may wish to relocate to a location away from their asylumdispersalaccommodation. Refugees in the UK have a unique, permanent local connection to the place they are living in at the time they receive theirgrantof status from the Home Office. For example, this means that if you receive refugee status while you are living in the London Borough of Tower Hamlets, you will have a local connection to Tower Hamlets council for the purpose of a homelessness application. If you were living in Leicester at the time when you received Refugee Status, you will have a local connection to Leicester City Council but if you move to London, you willnothave a connection to any local councils in London. People outside of London coming into London are within thegeneral homelessness cohortand will not be prioritised. You can neverlosean existing local connection, but you can alwaysaddto it. For example, if you used to live in London but then start a family and start working in Sheffield, you will have a new local connection in Sheffield. You can learn more in our guide about Destitution and Housing.";2;;;;;
256;Right to Remain - After Refugee Status;Third Sector;https://righttoremain.org.uk/toolkit/what-happens-when-you-get-refugee-status/;Benefits Eligibility;British citizenship;Following a grant of refugee status for 5 years, and a grant of Indefinite Leave to Remain (ILR) for 1 year or more, you can apply for British citizenship if you meet the ‘good character’ requirements. Applying for British citizenship is sometimes called ‘naturalisation’. The other requirements are that you must also: • be over the age of 18 • prove you were in the UK exactly 5 years before the day the Home Office receives your application • prove yourknowledge of English, Welsh or Scottish Gaelic • have passed theLife in the UK Test • intend to continue living in the UK • be of good character –read the Naturalisation guidanceto learn more You can learn more about applying for British citizenship on the government website below.;1;;;;;
257;Right to Remain - After Refugee Status;Third Sector;https://righttoremain.org.uk/toolkit/what-happens-when-you-get-refugee-status/;Benefits Eligibility;Child benefit for refugees;If you have been granted refugee status and have or look after a child, you may be able to claim Child Benefit. How far back Child Benefit can be backdated depends on when the Home Office recorded you as a refugee: • If you were notified that you were recorded as a refugeebefore 7 April 2025and youclaim within 3 monthsof that notification, your Child Benefit claim is treated as made on the date you first claimed asylum (so it can be backdated to the date of your first asylum claim. • If you were notified that you were recorded as a refugeeon or after 7 April 2025,your Child Benefit claim can be backdated to the date you were recorded as a refugee,up to a maximum of 3 months. You (the main person who claimed asylum) should usually claim Child Benefit within three months of: • being told you have been recorded as a refugee, or • when the child was born, or • when children arrive in the UK via family reunion. You should claim within this period even if your BRP card / eVisa proof or other evidence has not yet arrived or is not yet available. It can take a long time for HMRC to process a claim, so the earlier you submit it, the better. The amount of Child Benefit is not reduced by anyasylum supportyou received.;2;;;;;
258;Right to Remain - After Refugee Status;Third Sector;https://righttoremain.org.uk/toolkit/what-happens-when-you-get-refugee-status/;Benefits Eligibility;Children of refugee parents;Children born to parent(s) who are in or who have been through the asylum system have different entitlements to status, depending on the stage of the process that their parent(s) are in. For example,if a child is born in the UK while their parent(s) asylum claim is still being processed, they will be treated as a dependant child on the asylum claim. The Home Office just needs to be notified of the child’s birth. You can read more on page 29 of the guidancehere, under the title ‘Including UK born dependants in asylum claims’. Achild born in the UK to parent(s) who are settled / have Indefinite Leave to Remain, the child will automatically be a British citizen. Those with refugee status who later become settled will also be able to register their child as a British citizen.;2;;;;;
259;Right to Remain - After Refugee Status;Third Sector;https://righttoremain.org.uk/toolkit/what-happens-when-you-get-refugee-status/;Benefits Eligibility;Education for refugees;People with refugee status are able to study in the UK, but they face many obstacles (from accessing funding, to long waiting lists). The following organisations provide information and support to young people with refugee status who wish to pursue an education in the UK. • Refugee Education UK (REUK)provides a range of services which help people aged 14–25 to access and do well in education. You can learn more about what they do (including mentoring, training, and resources)here. • Asylum Welcomeassists people seeking asylum and refugees over the age of 16 who wish to continue their education and gain qualifications so they can work in the UK. • Student Action for Refugees(STAR) is a network of students in universities across the UK who stand in solidarity with refugees. They campaign for access to university for people in the asylum system and those with refugee status, and also compile lists of institutions that provide scholarships, bursaries and fee waivers. You can learn morehere.;1;;;;;
260;Right to Remain - After Refugee Status;Third Sector;https://righttoremain.org.uk/toolkit/what-happens-when-you-get-refugee-status/;Benefits Eligibility;Employment and work for refugees;Those with refugee status are able to work in the UK. We know that entering (or re-entering) the work force can be a challenging experience, especially after being in the asylum process for a long time. A number of organisations provide support to those with refugee status who seek employment or training for employment. We have listed their details here. • Refugee Councilcan support you into employment and understand the barriers refugees face in trying to access work in the UK. You can learn morehere. • The organisationRefugee Actionhas aPathways to Workemployability support programme which helps refugees build skills and find work. You can submit areferral formon their website to see how they may be able to help you. • HIMILOis a training provider, delivering vocational training courses, careers advice and employment opportunities. You can learn morehere. • Micro Rainbowprovides support for recently granted refugees to access benefits and prepare for employment. They also run afellowship programmefor LGBTQI+ people seeking asylum and refugees to gain skills and experience in immigration law, communication, and leadership. • Breaking Barriershelp refugees in Birmingham, Glasgow, Liverpool, London and Greater Manchester, acquire the knowledge, confidence and experience to get stable, fulfilling employment.;1;;;;;
261;Right to Remain - After Refugee Status;Third Sector;https://righttoremain.org.uk/toolkit/what-happens-when-you-get-refugee-status/;Benefits Eligibility;Family members applying with you;Yourpartner and children who are already in the UKmay be able to apply for ILR as your dependants at the same time as you, if: • they are in the UK, and • they have (or were last granted) permission to stay in the UK as yourdependant(partner or child). If you have had achild since you came to the UK, they can usually be included in your ILR application as your dependant child. If your family arenotin the UK, you were able to apply for Refugee Family Reunion.Applications have beenpaused as of 4 September 2025 at 3pm. These rules are different and usually only apply to family members you were already a family withbeforeyou left your home country (“pre-flight family”).;2;;;;;
262;Right to Remain - After Refugee Status;Third Sector;https://righttoremain.org.uk/toolkit/what-happens-when-you-get-refugee-status/;Benefits Eligibility;Family reunion;UPDATE: The government has paused new applications under the refugee family reunion route. This change took effect from 4 September 2025 at 3pm.Any applications submittedbefore this deadlinewill still be processed under the old rules. From that point on, people with refugee or humanitarian protection status who want to bring a family member to the UK must apply under the family visa rules. Read thisarticlefor more information.;3;;;;;
263;Right to Remain - After Refugee Status;Third Sector;https://righttoremain.org.uk/toolkit/what-happens-when-you-get-refugee-status/;Benefits Eligibility;Finding a room;Refugees at Homeis a UK charity which connects those with a spare room in their home to refugees and people seeking asylum who are in need of somewhere to stay. They provide support to both hosts and guests. If you would like to explore the option of finding a room through Refugees at Home, clickhereand read through their information for guests before getting in touch. TheNo Accommodation Network (NACCOM)is a network made up of member organisations providing accommodation and support to those facing destitution across the UK – including refugees. The accommodation provided by NACCOM members ranges from hosting to renting. You can find a map of NACCOM’s members across the UK by clickinghere.;3;;;;;
264;Right to Remain - After Refugee Status;Third Sector;https://righttoremain.org.uk/toolkit/what-happens-when-you-get-refugee-status/;Benefits Eligibility;Housing for refugees;Themove on periodis the short amount of time a person has between receiving their grant of refugee status and moving out of their asylum accommodation and adjusting to life as a refugee in the UK (for example, finding somewhere new to live, claiming benefits, finding a job). The move on period can be incredibly stressful for people who have often been stuck in the asylum system for a long time. There is a high risk of homelessness and destitution during this time. If your asylum claim is successful, your asylum support doesnotstop on the same day. Under the asylum support rules, support continues for28 daysafter the decision. But currentHome Office guidance(version 7) says that, in practice, people can usually keep getting support for42 days after the positive decision, because the Home Office still needs time to complete the move-on process. GOV.UK also now says asylum support ends42 days (6 weeks)after a person is granted refugee status. Themove on periodis the short amount of time a person has between receiving their grant of refugee status and moving out of their asylum accommodation and adjusting to life as a refugee in the UK (for example, finding somewhere new to live, claiming benefits, finding a job). The move on period can be incredibly stressful for people who have often been stuck in the asylum system for a long time. There is a high risk of homelessness and destitution during this time.;1;;;;;
265;Right to Remain - After Refugee Status;Third Sector;https://righttoremain.org.uk/toolkit/what-happens-when-you-get-refugee-status/;Benefits Eligibility;How to apply for Indefinite Leave to Remain (settlement);Indefinite Leave to Remain (ILR) is permanent permission to stay in the UK. It lets you live, work and study without a time limit, and in some cases apply for benefits. It is also the route to applying for British citizenship (see below). This section explains the route to ILRafter a grant of refugee status. To apply for ILR after refugee status, you must: • have had refugee status for5 years, and • apply in thelast monthof your current permission (just before it reaches 5 years). You apply online using theSET(P)form. Once you have started the form, you can save it and come back later. You can send supporting documents with your application, such as: • any travel documents you have • information about time spent outside the UK • evidence that you have established your life in the UK (for example work, study, family, community links). If you are applying for ILR as a refugee using SET(P), there isno application fee.;2;;;;;
266;Right to Remain - After Refugee Status;Third Sector;https://righttoremain.org.uk/toolkit/what-happens-when-you-get-refugee-status/;Benefits Eligibility;Issues;This gives rise to a number of possible issues. Firstly, claiming asylum for a newborn child falls under legal advice, and so families will require the help of a legal adviser or lawyer. This means they will likely face delays in obtaining status for their child, as there is a backlog in receiving legal advice because the demand is so high. Secondly, the Home Office often refuses to grant aconvention travel documentto children born in the UK who have been granted leave in line without refugee status. The main issue here is that if the baby is unable to get a convention travel document, then the alternative is acertificate of travel. However, this is inappropriate as it would require the refugee parent(s) to make contact with their origin country’s embassy, which can create further problems. It is also considerably more expensive.;3;;;;;
267;Right to Remain - After Refugee Status;Third Sector;https://righttoremain.org.uk/toolkit/what-happens-when-you-get-refugee-status/;Benefits Eligibility;Leave in line – children born in the UK;This section concerns what happens if achild is born in the UK to parent(s) who have protection (refugee or humanitarian) status. Before July 2023, parents could simply ask that the newborn child be granted refugee status in line with them – this is where the term ‘leave in line’ comes from. This could be done without an application or fee to pay. Since July 2023, changes have been made to the guidance. There is still no formal application form or fee, but parents must directly request protection status for their child from the Home Office, and the Home Office will then write to the parents to request the relevant evidence. Then, anasylum claim for the baby will need to be registered in person. See page 30 of theguidanceunder the title ‘Children not included in the initial claim or born to parents granted protection status’. The relevant evidence the Home Office may request could include: • Passport photographs of the child • Original birth certificate of the child • Copy of the parent(s) decision letter granting refugee status;2;;;;;
268;Right to Remain - After Refugee Status;Third Sector;https://righttoremain.org.uk/toolkit/what-happens-when-you-get-refugee-status/;Benefits Eligibility;Opening a bank account;If you have been living in asylum accommodation and/or receiving asylum support payments, these will stop28 days after you receive anasylum discontinuation of support letter (ADSL)from the Home Office. This ADSL letter will arriveafterthe letter which grants you refugee status. It is very important that you open a bank account if you do not already have one, so that if you claim benefits or start working, you can receive payments. From 31 October 2024, the Home Office started to roll out digital eVisas to replace physical Biometric Residence Cards (BRPs). The Home Office has ‘engaged’ with the financial sector to encourage acceptance of eVisas as an acceptable form of ID. If this fails, the Home Office says that there are other methods of obtaining ID, such as applying for a ‘post office pass card’.;2;;;;;
269;Right to Remain - After Refugee Status;Third Sector;https://righttoremain.org.uk/toolkit/what-happens-when-you-get-refugee-status/;Benefits Eligibility;Travel and risk to ILR;With ILR, you can travel outside the UK using a Home Office travel document. It is important to know that ILR can be taken away if: • youtravel backto the country you claimed asylum from, or • youstay outside the UK for more than 2 years– you may have to apply for a returning resident visa to come back.;1;;;;;
270;Right to Remain - After Refugee Status;Third Sector;https://righttoremain.org.uk/toolkit/what-happens-when-you-get-refugee-status/;Benefits Eligibility;Universal Credit;"When you receive a grant of refugee status, you are eligible to claim certain benefits, such as Universal Credit (UC). Universal credit(UC) is a cash social security benefit for people aged under 66, administered by the Department for Work and Pensions (DWP). It helps you with living expenses (including rent) if you have a low income. To qualify for universal credit you must: • make avalid claim; • sign a ‘claimant commitment’ and comply with any work-related requirements set out in it; and • be an eligible person. To apply for UC as a refugee, you must send a form of identification (ID) to the Department of Work and Pensions (DWP). This ID can be in the form of your eVisa share codeoryour ARC cardandyour grant of status decision letter from the Home Office as ID. The ARC card and decision lettermustbe presented together to qualify as a form of ID. You can learn more about claiming Universal Credit and eligibility in our guide on Destitution and Housing.";2;;;;;
271;Right to Remain - After Refugee Status;Third Sector;https://righttoremain.org.uk/toolkit/what-happens-when-you-get-refugee-status/;Benefits Eligibility;Useful resources;TheScottish Refugee Councilhas produced anonline guideto help new refugees in Scotland understand the process after getting leave to remain. The guide is designed to support you navigate the next steps and prepare for the changes ahead. It covers key topics such as your new rights, the documents required to access your new rights and key areas including health, housing, education, employment and social security as well as eVisa and share codes. TheMigration Justice Project(part of Law Centre NI) published an excellentRefugee Transition Guide, which is a support guide for people who have recently received refugee status, humanitarian protection, or discretionary leave. The guide covers topics such as what your rights are when you transition from being an asylum seeker to a refugee, your Biometric Residence Permit, what the end of asylum support means, social security, working and National Insurance, and many other useful topics. It is available for download inEnglish, Arabic, Farsi, Somali and Tigrinya. Please do note that some sections of the Migration Justice Project guide are specific to people who live in Northern Ireland. The Migration Justice Project have also published aguideon the ‘move on’ transition period from asylum support to adjusting to life as a newly-granted refugee inNorthern Ireland. Rainbow Migrationhas a guide to help you move forward with education, support, housing, help with mental health and looking for work after you have been granted refugee status. You can access the guide byclicking here. You can contact your localCitizens Advice Bureaufor advice after you receive refugee status. They also have an information sheet which you can accesshere. There may be other local groups who may be able to help you with this. If you type in the name of the area you live in, followed by ‘asylum support groups’ on Google or any search engine, you should be able to find them.;2;;;;;
272;Right to Remain - After Refugee Status;Third Sector;https://righttoremain.org.uk/toolkit/what-happens-when-you-get-refugee-status/;Benefits Eligibility;What comes after refugee status?;After the 5 years have passed, you will be eligible to apply for Indefinite Leave to Remain (often referred to as ‘ILR’ or ‘settlement’). Under the new rules, adults whoclaim asylum on or after 2 March 2026will be granted30 monthsof refugee status / humanitarian protection (HP) instead of 5 years. This means many people will need to extend and renew their status at least once (to get a second grant) to reach 5 years before they can then apply for settlement.If you need to extend your permission to stay (“further permission to stay”), the rules say you should apply within the last 28 days before your leave is due to end. The latest changes to the rules adds a new rule (STP 4.2) which says that when the Home Office considers a settlement application on the protection route, it will normally do “a safe return review”. A safe return review is a check on whether your personal circumstances, or the situation in your country of origin have changed in a way that could mean your refugee status / humanitarian protection (HP) could be cancelled (revoked) or not renewed.This rule took effect on 8 April 2026. The safe return review is not new in practice. The Home Office has already been doing these reviews at settlement stage under its caseworker guidance. The change now puts the review process into the Immigration Rules, which matters because the Rules are the official public framework for decisions. In other words, everyone can see it written in the rules now and it is harder for the Home Office to treat this step as optional . When you obtain ILR,after one yearyou will be eligible to apply for British Citizenship if you want to become a British citizen or apply for a British passport. Read the sections below to find out more about these processes.;2;;;;;
273;Right to Remain - After Refugee Status;Third Sector;https://righttoremain.org.uk/toolkit/what-happens-when-you-get-refugee-status/;Benefits Eligibility;What happens next?;First, the Home Office should send you a grant letter. This is the letter telling you that you have been granted refugee status. Home Office guidance says this letter should also explain that your asylum support will end, and it should be sent with an“Urgent things you need to do”leaflet. That leaflet gives information about applying for benefits, looking for work, and finding somewhere to live. You should start taking action as soon as you get this letter. For example, you may need to apply for Universal Credit or other benefits, ask the local authorityfor housing help, and start planning where you will live after your asylum accommodation ends. GOV.UK says asylum support will stop after you are granted refugee status, and that you will get a letter confirming the exact date it will end. The Home Office should also create aUKVI accountfor you and send you details of how to access it. This lets you view youreVisa, which is your digital proof of immigration status. You may need your eVisa to show your status when applying for benefits, housing, work, or other services. It is important to keep your grant letter and your UKVI account details safe. After that, the Home Office should send you anasylum support discontinuation letter. This letter gives the exact date when your asylum support will end. Current Home Office guidance says the end date should normally be worked out by counting42 days from the date the grant letter was issued, while making sure you still getat least 28 days from the date the discontinuation letter is issued. If the letter is sent by post, the Home Office adds2 extra calendar days. If the end date falls on a weekend or bank holiday, the next working day should be used. The discontinuation letter should also include yourUKVI account detailsand yourNational Insurance number, where one is available. When the end date arrives, yourasylum support paymentsshould stop. However, Home Office guidance says thepayment card should stay open for 28 days after the end date, even though no new payments should be added after support ends. If you are living in asylum accommodation, your accommodation provider should then give you anotice to quit. This should give you at least7 days’ noticeto leave the accommodation. Important:Try to act quickly once you get your grant letter. The move-on period can pass fast. It is usually important to sort out benefits, housing, your eVisa, and your next steps as early as possible. In some cases, asylum support can beextended or reinstated after the usual end date, including after the 42-day move-on period. This isnot automatic. The Home Office says requests are decidedcase by case, for example where support was not discontinued properly, there are safeguarding or health reasons, there is a court order or appeal, or there is a problem with the person’s eVisa.;2;;;;;
274;Right to Remain - After Refugee Status;Third Sector;https://righttoremain.org.uk/toolkit/what-happens-when-you-get-refugee-status/;Benefits Eligibility;What is refugee status?;If the Home Office decides that you have a need for protection because you in particular are at risk of persecution in your country of origin, and yourasylum claimfalls under the grounds for protection in the Refugee Convention, you will be granted refugee status for a period of5 years. Important: If you claimed asylum or made further submissions on or after2 March 2026, you will usually get30 months’ permission to stay instead.Unaccompanied asylum-seeking children (UASC)should still usually get5 years’ permission to stay, including some people who turned 18 before the decision but would otherwise have been treated as a UASC. If you claimed asylum or made further submissionson or before 1 March 2026, and you are granted refugee status or humanitarian protection, you shouldstill usually get at least 5 years’ permission to stay. Refugee status is a form of immigration status in the UK. Refugees are not (yet) citizens in the UK, but they do have access to a number of rights, as outlined in this guide. If the Home Office does not think that you in particular are at risk of persecution in your country of origin, but concedes (this means agrees) that your country would be generally unsafe for you to return to, you may be granted Humanitarian Protection status, which you read more abouthere. Before31 October 2024, people granted refugee status were usually sent aBRP card. After that date, the Home Office moved todigital eVisasinstead. This change affects themove on processafter refugee status is granted. If your grant wasbefore 31 October 2024and your decision letter says you will get aBRP, you should still be sent one. ABRPis different from anARC. A BRP shows your status after a grant of leave. An ARC is used while you are still waiting for an asylum decision We have published a detailed guide on the transition to the eVisa system, which includes information on: • Who should apply for an eVisa (and when the Home Office may make an account for you) • Making an online UKVI account in order to apply for an eVisa • Answers to frequently asked questions (FAQs) from our community;2;;;;;
275;Right to Remain - Asylum Support;Third Sector;https://righttoremain.org.uk/toolkit/asylum-support/;Financial Support;;If you haveclaimed asylum, and do not have anywhere to live and/or money to support yourself, you may be able to get “asylum support”. This is provided by the Home Office and includes housing and/or basic living expenses. Asylum support is provided by the Home Office while your asylum claim is beingconsidered(this means while you are waiting for a decision), or after your claim for asylum has been refused. Asylum support is different from mainstreamwelfare benefits. On this page, you will find the following information: • What is asylum support?Destitution • Actions you can take • Section 98 support (temporary) • Section 95 support, including:Financial supportASPEN cardsSubsistence-only support • Financial support • Subsistence-only support • Allocation of accommodation, including:Failure to travelClosure of hotelsNon-detained accommodation(Wethersfield and Crowborough) • Failure to travel • Closure of hotels • Non-detained accommodation(Wethersfield and Crowborough) • The effect of work or income upon asylum support • The Inadmissibility Rules and asylum support • Appealing a refusal of asylum support • Section 4 support and fresh claims • Other types of supportSupport under the Care ActSection 17 supportSchedule 10 support • Support under the Care Act • Section 17 support • Schedule 10 support • After a grant of refugee statusMove on periodAsking to extend your move-on period (extensions and reinstatements)Action Section: How to ask to extend (or reinstate) your asylum support after being granted refugee status • Asking to extend your move-on period (extensions and reinstatements) • Action Section: How to ask to extend (or reinstate) your asylum support after being granted refugee status;1;;;;;
276;Right to Remain - Asylum Support;Third Sector;https://righttoremain.org.uk/toolkit/asylum-support/;Financial Support;ACTION SECTION – applying for Asylum Support;The Home Office ask for lots of information when applying for Asylum Support. You can apply for Asylum Support by contactingMigrant Helpwho are paid by the Home Office to help with applying for accommodation and financial support and to report issues with your asylum accommodation or your ASPEN payment card. You can call them 24 hours a day, 7 days a week on 0808 8010 503. It is free to call them and you can ask for an interpreter. You can also complete theASF1 formyourself and email this with your supporting evidence to Migrant Help. Local charities helping people seeking asylum should also be able to help you applying for asylum support. Migrant Help will ask you to provide a short letter called aself-statement.In this statement you need to include: 1. Your name, nationality, date of birth, current address (if you have one), phone number, Home Office Reference or Port Reference. If you have dependants add their information too. 2. The addresses you have lived at since arriving in the UK and dates you lived there (this can be months/years if you don’t know the exact date). 3. Details about any “material assets” that you have, for example: land, property, vehicles or expensive jewelleryORconfirmation that you donothave any material assets. 4. Details about previous employment if you have previously had the right to workORconfirmation that you have never had a job in the UK. 5. Details of any bank accounts you have in the UKORconfirmation that you have never had a bank account in the UK. If you have beenstaying with friends or familybefore now, you will need to provide evidence about this accommodation and why you can no longer stay there. This can be done through a letter from the person who you have been living with. If you’ve been living at several different addresses, you should provide details of each one. These details will include the address, how long you stayed there, and why you couldn’t stay there any longer. For example, there is not enough space for you. If you have receivedsupport from charities, you may need to provide information about this, or about trying to receive this support and failing to do so. This might be in the form of a letter from the charity. If you have abank account, you will need to provide copies of bank statements for the last six months. In yourself-statementyou will need to write a short explanation about every payment going in and out of. your account of over £30. Make sure you include all bank accounts in your name, even if they are now empty. The Home Office may run a “credit check” on you. This means they may examine current and previous bank accounts. If you have/had theright to work, you may need to provide wage slips or tax documents such as a P60. If you have previously claimed mainstream benefits, you may need to provide evidence that you are no longer entitled to these. If you’vebeen in the UK for a whileand haven’t been receiving support in any of the ways mentioned above, you will need to explain (and prove, if possible) how you have been supporting yourself and why this cannot continue.;1;;;;;
277;Right to Remain - Asylum Support;Third Sector;https://righttoremain.org.uk/toolkit/asylum-support/;Financial Support;ASPEN cards;You will receive instructions on how to receive your money, which will be paid through a card called an Aspen card. This can be used like a debit card, to withdraw money fromcash machinesor to pay for items in shops. The Home Office are able to track the use of Aspen cards and in some cases have stopped people’s support when they have seen that people used them in places away from their dispersal city/town of residence. You can read more about this by clickinghere. From February 2025, there will be a new ASPEN card provider. This means that around 10,000 ASPEN cards issued under the current contract are approaching their expiry date. Each card is valid for 3 years, and the earliest were issued in April 2021). The Home Office is sending out new cards with PINs.The existing card will remain active until you call the IVR helpline (0800 246 1327) to activate your new card. When you call, you will need to select the correct language option. To retrieve your PIN number and activate your new card, you will need to provide the new ASPEN card number (16 digits) by typing it out using the keypad, and also your date of birth. Section 95 support willstopif: • If your asylum claim is refused and you become“appeal rights exhausted”, section 95 support will stop after21 days. There is no right of appeal if this happens. However, you may be eligible for section 4 support. Read the section 4 part below to find out more. If you have children under the age of 18 at the point that your asylum claim is refused, your section 95 should not stop. Contact Migrant Help or an asylum support charity if this happens to you. • If the Home Office grants you leave to remain in the UK (refugee status), your section 95 support will end after28 days. This is because you will be allowed to work and to claim mainstream benefits. To learn more about what happens after you have been granted asylum, read the Migration Justice ‘Refugee Transition Guide’. The guide is available inEnglish,Arabic,Farsi,Somali, andTigrinya.To learn more about section 95 support, read this fact sheet by the Asylum Support Appeals Projecthere.;2;;;;;
278;Right to Remain - Asylum Support;Third Sector;https://righttoremain.org.uk/toolkit/asylum-support/;Financial Support;Action Section: How to ask to extend (or reinstate) your asylum support after being granted refugee status;1) Be clear on the datesFind theend date on your Asylum Support Discontinuation Letter (ASDL)and write it down. In your message, say the date your support ends and the date you will have to leave your accommodation (if you have a notice to quit). The clearer you are about the timeline, the easier it is for someone to understand the urgency. 2) Gather evidence (and keep proof)Put together anything that shows you have tried to avoid homelessness and that you cannot solve this in time. This can be simple proof like council emails, an online housing form confirmation, a Universal Credit screenshot or journal entry, messages to landlords/agents, bank appointment emails, or job applications if relevant. If there is a problem you can’t fix quickly (for example an eVisa error, delays from the council, or health/safeguarding issues), include a short explanation and any proof you have. 3) Email Migrant Help (as early as you can)Send your request as soon as possible toMigrant Helpafter you get the ASDL –don’t wait until the last week. Attach your evidence, and keep a copy of everything you send. Subject:Request to extend / reinstate section 95 support – risk of street homelessness Hello,My name is[FULL NAME](DOB:[DD/MM/YYYY]). My Home Office reference is[HO REF]and my asylum support reference (if known) is[NASS/ASYS REF]. I currently live at[ADDRESS]. My asylum support is due to end on[DATE](ASDL end date). If my support ends on this date, I will havenowhere safe to stayand will bestreet homeless. I am requesting anextension / reinstatement of my section 95 supportbecause I would otherwise faceimminent street homelessness. Home Office guidance says decisions should be consideredcase-by-case, and support may be extended where someone would otherwise face imminent street homelessness. I attach evidence of the steps I have taken to find housing/support (and work, where relevant), including:[one short sentence summarising the main steps]. Please confirm you have received this request and tell me if you need any further information.Thank you,[NAME][PHONE NUMBER][EMAIL] Next, read about the asylum screening (first) interviewhere.;1;;;;;
279;Right to Remain - Asylum Support;Third Sector;https://righttoremain.org.uk/toolkit/asylum-support/;Financial Support;After a grant of refugee status;After receiving your refugee status, it can be confusing to know where you can access support. Although it is a relief to receive a grant of status, it is often a very overwhelming experience. Almost overnight, you need to learn what to do about how to get housing, social care, benefits, work, or bringing family to join you in the UK. Prior to 31 October 2024, when someone received a grant of Refugee (or other immigration) status, they would likely receive a Biometric Residence Permit, often referred to as aBRP card. From 31 October 2024, the Home Office replaced the physical BRP cards with digital eVisas. This is a big change in the UK immigration system which is affecting and will continue to affect many people. It means that there have been changes to the ‘move on process’ for people who receive Refugee Statusafter31 October 2024. The move on process which is what happens when you transition from the asylum system to refugee status. If you received Refugee Statusbefore31 October 2024 and your Home Office decision letter mentions a Biometric Residence Permit (BRP) card, then you will still be sent one. We have published a detailed guide on the transition to the eVisa system, which includes information on: • Who should apply for an eVisa (and when the Home Office may make an account for you) • Making an online UKVI account in order to apply for an eVisa • Answers to frequently asked questions (FAQs) from our community;1;;;;;
280;Right to Remain - Asylum Support;Third Sector;https://righttoremain.org.uk/toolkit/asylum-support/;Financial Support;Allocation of accommodation;Many people in asylum accommodation are housed in hotels. The Home Office increased the number of people being housed in hotels during the COVID-19 pandemic, because although the number of asylum claims grew, decisions were being made slowly (and courts were also shut down for a period of time), so people were stuck in the system for longer instead of being able to move on. The Home Office has been pressured to stop hotel usebecause of the negative short- and long term impacts this has upon people seeking asylum. It is not acceptable for people (adults, children and families) to be living in cramped conditions in conditions that were not intended for long term use. The best way to solve the issue is to ensure efficient decision making at the Home Office, so that claims are decided quickly and people are able to move on from asylum accommodation within a reasonable time. The Home Office has also been pressured to end the use of hotels due to the expense – currently, over 51,000 people are being housed in hotels, which is costing the government around £6 million – £8 million daily. The Home Office has chosen to address this issue by closing down hotels (without a very clear plan for what is to happen to the people being housed in them), and through the use of ‘non-detained accommodation’ in buildings like ex-army barracks, and even on a barge docked on the coast of Portland. The Home Office believes they can save on the cost of asylum housing, at the expense of the safety and isolation of people seeking asylum. If you haveconcerns about the appropriateness of your accommodation, you can raise your concerns with Migrant Help. It is a good idea to take a look at the Home Office ‘Allocation of asylum accommodation’ guidance, especially the sections called ‘Typical request scenarios’ and ‘Suitability criteria’. These sections outline what considerations the Home Office will or will not take into account when you make a complaint.;2;;;;;
281;Right to Remain - Asylum Support;Third Sector;https://righttoremain.org.uk/toolkit/asylum-support/;Financial Support;Appealing a refusal of asylum support;If your application for Section 95 asylum support is refused by the Home Office, you have the right to appeal this decision at the Asylum Support section of the First-tier Tribunal. You can read about appealing an asylum support refusal in the resources provided by the Asylum Support Appeals Projecthere ASAP have also created an online helper for people who want to appeal a decision to refuse or stop Section 95 or Section 4 asylum support. The online helper tool guides you through the questions on the asylum support appeal form and puts your answers into the correct sections of the form. At the end, you need to download the form and email your completed appeal form and supporting documents to the Asylum Support Tribunal. You can use the online form helperhere. Legal aidis only available for appealing this decision if you applied forbothaccommodation and financial support – legal aid isnotavailable for appealing a negative decision on a “subs-only” asylum support application. You can learn more about Legal Aid by reading our Toolkit page.;3;;;;;
282;Right to Remain - Asylum Support;Third Sector;https://righttoremain.org.uk/toolkit/asylum-support/;Financial Support;Asking to extend your move-on period (extensions and reinstatements);If your asylum support is ending and you will have nowhere safe to stay, you can ask the Home Office toextendorreinstateyour section 95 support. An extension means your support continues but the end date is moved later. A reinstatement means your support starts again because it has already stopped. Home Office guidance (as of February 2026)says that, for a limited period while the extended move-on pilot arrangements are in place, caseworkers should extend support up to a maximum of 56 days from the date you were granted leave if they are satisfied you would otherwise face imminent street homelessness. The guidance also says the Home Office has discretion to extend support for longer in some cases. Discretion and “case-by-case”  means that the Home Office should look at your individual situation (not just apply one fixed rule for everyone) and decide whether to extend or reinstate support, and for how long. This is important to understand as it means an extension is possible, but it isnotautomatic.In practice, the Home Office will usually look at whether you have made “reasonable efforts” to avoid homelessness. The guidance says this will often be the “decisive factor”. “Reasonable efforts” means taking sensible steps that most people would be expected to take in your position. For example: contacting the council for housing help, applying for benefits, trying to find somewhere to live, and (if you are able) looking for paid work and keeping proof of what you have done (like emails, screenshots, letters, or appointment confirmations).;3;;;;;
283;Right to Remain - Asylum Support;Third Sector;https://righttoremain.org.uk/toolkit/asylum-support/;Financial Support;Closure of hotels;As a result of the issues outlined above, the Home Office has started the process of shutting down asylum accommodation in hotels. The closure plans were announced prior to the 2024 General Election, so it is still unclear what approach the new government will be taking to this issue. The Home Office’s ‘exit summary’ publication states thefollowing: “Residents currently accommodated in the hotels we will be exiting will be moving to other parts of our asylum estate. They will be notified a minimum of 5 days in advance and moved by the Home Office in line with our existing contractual requirements with our providers. We are providing additional resource[s] to work with our accommodation providers and local partners to manage this process and minimise disruption, particularly on families.” You can read the full planhere.;2;;;;;
284;Right to Remain - Asylum Support;Third Sector;https://righttoremain.org.uk/toolkit/asylum-support/;Financial Support;EXAMPLES – how income might affect asylum support;For example, if your income islessthan your weekly asylum support subsistence (less than £49.18 per week), the amount of subsistence will likely bereduced but not stopped. If your income ismorethan your weekly asylum support subsistence (more than £49.18 per week), then the Home Office will likely stop giving you the weekly subsistence because you wouldno longer meet the destitution requirement, as explained in the test above. In this situation, if you receivebothweekly subsistence and asylum accommodation, and it is clear that although your income is more than the weekly subsistence butnot enough to pay for private accommodation, the Home Office may stop your weekly subsistence and ask you to pay somecontributionfor your asylum accommodation instead of expecting you to move out. IMPORTANT: if you have Permission to Work, you must only work in a job that is allowed under your PTW conditions. If you work in a job that is not allowed, the Home Office may treat this as illegal working. From27 March 2026, illegal working is listed in the support rules as a reason the Home Office maysuspend or stop asylum support.From 27 March 2026, illegal working is now specifically listed in the asylum support regulations as a reason the Home Office may suspend or stop support. Before this change, if the Home Office believed someone was working, it might argue that they no longer needed asylum support because they had money coming in, or that they were not following the support rules. It matters that this rule is now in the regulations because the Home Office has a clearer and more direct legal basis to rely on it when stopping asylum support.;2;;;;;
285;Right to Remain - Asylum Support;Third Sector;https://righttoremain.org.uk/toolkit/asylum-support/;Financial Support;Financial support;Section 95 support includes housingand/or£49.18 per week for each person inself-cateredaccommodation. For people in accommodation that iscatered(this means food is provided), they receive  £8.86 allowance per week. Asylum support rates are often changed by the Home Office. You can check the Home Office website for the most recent rateshere.;1;;;;;
286;Right to Remain - Asylum Support;Third Sector;https://righttoremain.org.uk/toolkit/asylum-support/;Financial Support;Move on period;If your asylum claim is successful, your asylum support doesnotstop on the same day. Under the asylum support rules, support continues for28 daysafter the decision. But currentHome Office guidance(version 7) says that, in practice, people can usually keep getting support for42 days after the positive decision, because the Home Office still needs time to complete the move-on process. GOV.UK also now says asylum support ends42 days (6 weeks)after a person is granted refugee status. Themove on periodis the short amount of time a person has between receiving their grant of refugee status and moving out of their asylum accommodation and adjusting to life as a refugee in the UK (for example, finding somewhere new to live, claiming benefits, finding a job). The move on period can be incredibly stressful for people who have often been stuck in the asylum system for a long time. There is a high risk of homelessness and destitution during this time.;2;;;;;
287;Right to Remain - Asylum Support;Third Sector;https://righttoremain.org.uk/toolkit/asylum-support/;Financial Support;Non-detained accommodation (Wethersfield and Crowborough);In response to the asylum hotel accommodation issue, the Home Office started using what it calls ‘large sites’ as alternative forms of accommodation to ‘limit the burden on the taxpayer’ and fulfil its duty to support people seeking asylum who would otherwise be destitute. In reality, these large sites are actually ex-army barracks or former units used by the Ministry of Defense. The sites areCrowboroughandWethersfield. Napier Barracks, which opened in 2020,closed in December 2025. Though these sites are meant to be for temporary accommodation, the men housed there are often stuck in limbo for many months, and experience isolation and a deterioration of their mental and physical health. The Home Officesays: “Wethersfield provides adequate and functional accommodation for asylum seekers and is designed to be as self-sufficient as possible, helping to minimise the impact on local communities and services.” Contrary to this, the dangers and difficulties of being housed in Wethersfield were outlined through first-hand evidence in a report published by Humans for Rights Network and Helen Bamber Foundation entitled ‘Ghettoised and traumatised: the experiences of men held in quasi-detention in Wethersfield’ in December 2023;3;;;;;
288;Right to Remain - Asylum Support;Third Sector;https://righttoremain.org.uk/toolkit/asylum-support/;Financial Support;Schedule 10 support;If you are not eligible for or are unable to access other asylum support, like sections 98, 95 or even section 4 support, you may be able to access Schedule 10 support underschedule 10 of the Immigration Act 2016. Schedule 10 support is available in exceptional circumstances to a person who is on immigration bail (either just about to leave detention or already in the community) and who is unable to access support and does not have immigration status in the UK. Crucially, it is not available to families. Families should instead look into Section 17 support (please see above). The NRPF network also has a detailed guide about Schedule 10 support which you can accesshere.;3;;;;;
289;Right to Remain - Asylum Support;Third Sector;https://righttoremain.org.uk/toolkit/asylum-support/;Financial Support;Section 17 support;Section 17 support is financial assistance to children who are in need and their families. It comes from section 17 of the Children Act 1989. If the local authority where you live believes a child is in need, they must carry out an assessment. It might be possible for asylum seeking families to apply for Section 17 support, but it can be difficult to do so. Read more about Section 17 support by looking at the resources on theProject 17website by clickinghere. Hackney Migrant Centre also published a detailed guide to Section 17 support. You can access it by clickinghere. Unaccompanied asylum-seeking children will also be the responsibility of the local authority (through social services). You can find out more about this on the Migrant Children’s Project websitehere.;2;;;;;
290;Right to Remain - Asylum Support;Third Sector;https://righttoremain.org.uk/toolkit/asylum-support/;Financial Support;Section 4 support and fresh claims;Section 4 support is a form of support for some people whose asylum claims have beenrefusedand are considered to be “appeal rights exhausted”. You can learn more about being appeal rights exhausted in our Toolkit. Section 4 support is made up ofaccommodationandmoneyon an an Aspen card. Like dispersal under section 95, you will not have a choice about where the accommodation is located. To receive this type of support, you need to be able to show that you are destitute (see the test outlined in the destitution section above) and that one or more of the following situations applies to you: • that you aretaking all reasonable stepsto leave the UK or facilitate your departure from the UK but there are barriers or delays out of your control that prevent you leaving • that you are unable to leave the UK because you are physically or medically unable to travel. This includes women who are pregnant and are in about the last six weeks of their pregnancy, or in the first six weeks after giving birth • that the Home Office accepts that there is “no viable route of return” to your country of origin. This is a very unusual situation, but could apply for example, if you have received a decision of inadmissibility • that you have been granted permission to proceed with an application for ajudicial reviewof the decision on your asylum claim • that the provision of section 4 support is necessary to avoid breaching your human rights It is thislast category(that provision of section 4 is necessary to avoid breaching your human rights) that is likely to apply if you have submittedfurther submissionsto the Home Office and are asking them to consider them as afresh claim. To learn more about fresh claims, read our Toolkit page. Section 4 support is only for while you wait for the Home Office to decide if they view your further submissions as a fresh claim. If the Home Office accepts that your further submissions pass the “fresh claims test” but have not made a decision on your actual fresh claim, you may be eligible for Section 95 support again. If you receive Section 4 support as a result of one of the other listed categories, the Home Office will ‘review’ your support every few months, and you may be required to provide evidence that you remain eligible for this support. It is important to keepdocumentsabout your situation to submit to the Home Office when requested. To learn more about Section 4 support, take a look at the Asylum Support Appeals Project’s useful fact sheets by clickinghere.;3;;;;;
291;Right to Remain - Asylum Support;Third Sector;https://righttoremain.org.uk/toolkit/asylum-support/;Financial Support;Section 95 support;Section 95 support will be granted after some days, weeks, or sometimes months in initial accommodation under section 98. If you need housing support from the Home Office, under section 95 you will be taken to new accommodation, usually a flat or shared house, somewhere else in the UK. This is called‘dispersal’. If you do not need housing but instead only need a weekly allowance from the Home Office, read the section below on ‘subsistence only’ section 95 support. In June 2023, the Home Office confirmed thatyou do not need to have had an asylum screening interview before you make an application for section 95 support. Dispersalis a government policy that was introduced to spread the cost of providing asylum support to local authorities across the UK. Due to dispersal,  you donothave a choice about where in the UK you are housed under Home Office accommodation. You can be dispersed to anywhere in the UK.;2;;;;;
292;Right to Remain - Asylum Support;Third Sector;https://righttoremain.org.uk/toolkit/asylum-support/;Financial Support;Section 98 Support (Temporary);"Section 98 support is meant to be temporary, emergency support for people seeking asylum who have applied and are waiting for section 95 support. It is often called “initial accommodation”. Section 98 support is usually in the form of full-board at a Home Office hostel/hotel. In some places in the UK, it is self-catering (this means food is not provided) and cash is given to the person seeking asylum in order to buy food. The Home Office will assess whether it thinks you are destitute/require section 98 emergency support, including initial accommodation. If the Home Office decides that you meet the criteria (this means standards) for initial accommodation, the Home Office should provide this immediately after the screening interview. So, if you are asking the Home Office to provide you with accommodation, you should take all your belongings with you to the screening interview. There isno right to appeala decision from the Home Office if they say that they think you do not need emergency support under section 98. However, if your application is refused you can make another application and explain why the Home Office made a mistake. If your application for section 98 support isrefused, even though there is no right to appeal, the Asylum Support Appeals Projectsays: … a re-consideration should be requested, reminding the [Home Office] of the destitution test. Decisions can often be reversed. The [Home Office] may also have made a mistake regarding the definition of an asylum-seeker, for example refusing support for someone who has an outstanding asylum appeal or who has had their further submissions accepted as a fresh claim. If you receive section 98 support, you will then berequiredto apply for section 95 support. You can do this by contacting Migrant Help. Your section 98 support willstop: • On the day you receive/travel to yoursection 95accommodation. You can read more about this below; or • If you receive adecisionon your asylum claim from the Home Office (either a refusal or a grant of status). You can read more about asylum decisionshere. To learn more about how to apply for section 98 support, read this fact sheet by the Asylum Support Appeals Projecthere.";1;;;;;
293;Right to Remain - Asylum Support;Third Sector;https://righttoremain.org.uk/toolkit/asylum-support/;Financial Support;Subsistence-only Section 95 support (subs-only);If you have a friend, family member, or community you can stay with long term, you can ask the Home Office to just provide you with money for basic living expenses. This is known as“subsistence-only” or “subs-only”asylum support. If you apply for this kind of support, you will not be dispersed as you will be accommodated by your friend, family or community member instead. It is important to agree with the family member or friend that you can stay for the duration of your asylum claim if you want to apply for subs-only. To apply for subs-only support, you will need to provideeithera tenancy agreementora utility bill. The evidence has to be dated within the last 3 months. If you see both forms of evidence being requested, you or your support worker can raise this with Migrant Help. When considering an application for subs-only asylum support, the Home Office can refuse the application if you did not claim asylum “as soon as reasonably practical” after entering the UK. This period is usually considered to be three days. This is known as aSection 55 decision, named after the law that gives the Home Office the power to do this. The Home Office should not make a Section 55 decision if you would be made street homeless without asylum support. If you have applied for subs-only support, the Home Office can argue that your human rights will not be breached by a Section 55 decision as you will not be made homeless (because you must have alternative accommodation, otherwise you would be applying for accommodation as well). In some cases, you will be invited to a Section 55 interview at the Home Office, where they will ask you questions about how you supported yourself since arriving in the UK. You can also apply foraccommodation onlyfrom the Home Office, if friends and family can provide you with food or you have a low income, though this situation is quite unusual.;2;;;;;
294;Right to Remain - Asylum Support;Third Sector;https://righttoremain.org.uk/toolkit/asylum-support/;Financial Support;Support under the Care Act;"You may be entitled to accommodation and financial support from the social services department of your local government authority if you have care needs. This is because of the Care Act 2014. Care needs are not exactly defined in the Care Act, but you might be eligible for this kind of support if your needs relate to: • aphysical or mental impairment or illness, • you are unable to achieve two or morespecified outcomesbecause of your care and support needs;and as a result of being unable to meet these outcomes, • there is or is likely to be a significant impact on yourwellbeing. For more information on the Care Act, see the Care Rights Project’s websitehere.";2;;;;;
295;Right to Remain - Asylum Support;Third Sector;https://righttoremain.org.uk/toolkit/asylum-support/;Financial Support;The Inadmissibility Rules and asylum support;In January 2021, the UK government introduced new rules through which they can decide that an asylum claim is “inadmissible” if they established a connection to a ‘safe third country’ on their way to the UK. This means that the UK will try not to consider that person’s asylum claim in the UK. These rules replace the Dublin Regulations, which no longer operate in the UK after Brexit. If the Home Office finds that it needs to consider whether or not your claim should be deemed ‘inadmissible’, you will receive aNotice of Intentletter. Importantly, this isnotthe same as receiving adecision of inadmissibility. It is simply a notification to let you know that the Third Country Unit of the Home Office is considering whether or not your claim is inadmissible. At this stage, no formal decision on inadmissibility has been made yet. To see an example of a Notice of Intent letter, have a read of page 30 of the Home Office guidance on inadmissibilityhere. While your claim is being considered under these rules, your asylum claim will not move forward in the UK. Importantly, if you receive aNotice of Intentand your asylum claim is paused, you will still receive section 95 or section 98 support. It will not be stopped. However, if you receive adecision of inadmissibility, section 95 or section 98 support will be stopped. You would still be able to apply for support under section 4 if you meet the requirements (which are listed below in the section 4 part of this page). To learn more about how the Inadmissibility Rules might affect your asylum support, you can read the guidance for Home Office caseworkershere;3;;;;;
296;Right to Remain - Asylum Support;Third Sector;https://righttoremain.org.uk/toolkit/asylum-support/;Financial Support;The effect of work or income upon asylum support;Most people who have claimed asylum in the UK are initially not allowed to work. This can be really difficult because it feels like you cannot move on with your life, and you cannot earn your own money whilst waiting for a decision from the Home Office. However, the immigration rules allow for people seeking asylum to request permission to work if you have been waiting formore than 12 monthson your asylum claim “through no fault of your own” (for example, a Home Office delay in giving you a decision). This may be 12 months after initially claimingasylum, or 12 months after submittingfurther submissionsto be considered as a fresh claim. You can read more about fresh claims below. Almost everybody granted permission to work under this policy is only allowed to work in a job on the Immigration Salary List. This list replaced the shortage occupation list in April 2024. From 26 March 2026, the jobs allowed under Permission to Work change.From26 March 2026, it is limited instead to jobs inAppendix Skilled Occupationsthat areRQF level 6 or above. This meansgraduate-level or professional roles. In practice, this may bemore restrictivefor some people, because many jobs that were previously allowed were below this level. Important:The government doesnotpublish one simple list called “RQF 6+ jobs”. Instead, these jobs are listed inAppendix Skilled Occupationson GOV.UK. This can be confusing to navigate. OpenAppendix Skilled Occupationson GOV.UK. Search for the kind of job you do. If it is inTable 1, Table 2 or Table 3, it is in theRQF 6+ group. If it is only inTable 1a, 2aa, 3a or 2a, it isnot. The job title on the GOV.UK page may not be exactly the same as the title used by an employer, so it may help to search for asimilar job title. If you receive permission to work, this will not in itself affect your asylum support. However, if you start working and have anincome(this means to earn money), you will have a legal duty to notify the Home Office. The Home Office will then review your situation to see whether or not you are still considered ‘destitute’. The outcome of this will depend on your specific situation. The Asylum Support Appeals Project published a simple guide outlining the impact of income upon asylum support, including why this issue has emerged, who it could impact, and how to assess if someone is eligible for support even if they have an income. Read the report below to learn more.;3;;;;;
297;Right to Remain - Asylum Support;Third Sector;https://righttoremain.org.uk/toolkit/asylum-support/;Financial Support;What happens next?;First, the Home Office should send you a grant letter. This is the letter telling you that you have been granted refugee status. Home Office guidance says this letter should also explain that your asylum support will end, and it should be sent with an“Urgent things you need to do”leaflet. That leaflet gives information about applying for benefits, looking for work, and finding somewhere to live. You should start taking action as soon as you get this letter. For example, you may need to apply for Universal Credit or other benefits, ask the local authorityfor housing help, and start planning where you will live after your asylum accommodation ends. GOV.UK says asylum support will stop after you are granted refugee status, and that you will get a letter confirming the exact date it will end. The Home Office should also create aUKVI accountfor you and send you details of how to access it. This lets you view youreVisa, which is your digital proof of immigration status. You may need your eVisa to show your status when applying for benefits, housing, work, or other services. It is important to keep your grant letter and your UKVI account details safe. After that, the Home Office should send you anasylum support discontinuation letter. This letter gives the exact date when your asylum support will end. Current Home Office guidance says the end date should normally be worked out by counting42 days from the date the grant letter was issued, while making sure you still getat least 28 days from the date the discontinuation letter is issued. If the letter is sent by post, the Home Office adds2 extra calendar days. If the end date falls on a weekend or bank holiday, the next working day should be used. The discontinuation letter should also include yourUKVI account detailsand yourNational Insurance number, where one is available. When the end date arrives, yourasylum support paymentsshould stop. However, Home Office guidance says thepayment card should stay open for 28 days after the end date, even though no new payments should be added after support ends. If you are living in asylum accommodation, your accommodation provider should then give you anotice to quit. This should give you at least7 days’ noticeto leave the accommodation. Important:Try to act quickly once you get your grant letter. The move-on period can pass fast. It is usually important to sort out benefits, housing, your eVisa, and your next steps as early as possible. In some cases, asylum support can beextended or reinstated after the usual end date, including after the 42-day move-on period. This isnot automatic. The Home Office says requests are decidedcase by case, for example where support was not discontinued properly, there are safeguarding or health reasons, there is a court order or appeal, or there is a problem with the person’s eVisa. Some people are able to move in with friends, or to have help with renting privately. Others need more help, and can take a look at the resources we have listed in our‘What happens after you get refugee status?’page.;2;;;;;
298;Right to Remain - Asylum Support;Third Sector;https://righttoremain.org.uk/toolkit/asylum-support/;Financial Support;What is asylum support?;"If you haveclaimed asylum, and do not have anywhere to live, or have somewhere to live but do not have the money to support yourself, you may be able to get “asylum support”. Depending on your circumstances this can include housing and/or money for your basic living expenses. Asylum support is provided by the Home Office while your asylum claim is beingconsidered. This is the period while you are having interviews with the Home Office/waiting for a decision on your asylum claim. You may hear this kind of support called “NASS support”, named after the department of the Home Office that used to provide the support in the past. If you havedependantswith you (this means someone who is relying on you, like children or a spouse), they will be included when the Home Office provides you with asylum support. Unaccompanied children (this means under the age of 18) who seek asylum are not eligible for asylum support and should instead apply for support from social services. There aredifferent types of asylum supportthat the Home Office provides, depending on the stage of the asylum process you are in. Asylum support is provided under section 98 (temporary), section 95 (while waiting for an asylum decision) or section 4 (after an asylum claim has been rejected) of the Immigration and Asylum Act 1999. Important:From2 June 2026, the Home Office says wider asylum support changes are planned. One important change is that support moves from adutyto apower. In simple terms, adutymeans the Home Officemustprovide support if the legal conditions are met. Apowermeans the Home Officecanprovide support, which may give it more choice about whether support continues. The Home Office’s own guidance says this is intended to make support more conditional, but we still need to see how this will work in practice. These changes do NOT mean support will stop for everyone. But they do mean the Home Office is giving itself clearer and broader powers to stop support in some situations. We expect more detail to emerge through updated Home Office guidance and practice. Keep reading this page to find out about each type of support, and which one applies to you. If you did not request asylum support at the port of entry (when you arrived in the UK), you should inform the Home Office if you need housing and/or financial support during your asylum screening interview.  You can read more about the Screening Interview by reading our Toolkit page about it. To receive asylum support, you will need to prove to the Home Office that you are ‘destitute’. Under the legal test (in section 98 and 95), a person is destitute if: • They do not have adequate accommodation or any means of obtaining it; or • They have adequate accommodation, but cannot meet their other essential living needs. When considering an application for temporary support under section 98, the Home Office needs to see if that is your situationnow. If you are applying for support under section 95 or section 4, the Home Office needs to see if you are destitutenowor will become so in thenext 14 days.";1;;;;;
299;Right to Remain - Asylum Support;Third Sector;https://righttoremain.org.uk/toolkit/asylum-support/;Financial Support;“Failure to Travel”;The Home Office provides accommodation onno choice basis. This means you cannot choose where you live – most people find out on the day that they travel where their accommodation is. When asylum support is granted, you will be sent a letter at least 5 calendar days before your move date. This letter will have information about the date you will be collected and transported to your accommodation and theregionwhere your accommodation will be. For example, the letter might say that your accommodation is in Yorkshire but it will not specify the town or city. Sometimes people cannot travel on the date provided or refuse to travel on the day. The Home Office calls this “Failure to Travel”. The Home Office has astrict policythey follow forsingle adultswho fail to travel especially for people moving from hotels into dispersal accommodation. This policy does not apply to pregnant women and there is adifferent processfor families/people with dependants. First time you don’t travel: • You will be asked why you didn’t go. • You need to provide a “valid reason” and you can explain or send evidence (like a letter from your doctor or a charity supporting you)within 5 working daysof the date you were supposed to travel • If your reason is accepted, a new place and travel date will be given. Second time you don’t travel: • If you didn’t have a valid reason, you will be givena second and final offer. • You are expected to travel to this new accommodation. If you refuse to travel again: This means you may lose your housing and money (your Aspen card may stop working). If you still don’t go and don’t have a good reason, your support can bestopped. You have 3 working days to appeal this decision. Read more about asylum support appealshere. What is a valid reason for not travelling? The Home Office providesvery limited and strictexamples of what it considers to be“valid”reasonfor failing to travel to asylum accommodation. These reasons must usually besupported by evidenceand are assessed on each different situation.  The Home Office generally will not accept reasons such as you have friends and family in your current location. Examples of what the Home Office believe are valid reasons for not travelling: Medical emergency or illness • You were too unwell to travel (e.g. in hospital). • You were experiencing a serious mental health episode that made travel unsafe or unmanageable. • Ongoing conditions must clearly explain why the journey was not possible on the day • Evidence: mental health professional or GP letter, supporting statement from caseworker or charity. Urgent legal appointment • You had anurgent, time-sensitive legal obligation(e.g. court hearing, asylum interview) that clashed with the travel date. • Evidence: appointment letter or solicitor’s confirmation. Logistical travel issue which wasn’t your fault • Transport arranged by the accommodation provider did not turn up. • You arrived but were not met or turned away. • Evidence: provider’s record or your communication showing this. Exceptional personal circumstances • Serious family emergency (e.g. bereavement, accident). • Unexpected care responsibilities on the day (e.g. for someone seriously unwell). • Must beimmediateand clearly prevent travel.;2;;;;;
300;Right to Remain - Destitution and Housing;Third Sector;https://righttoremain.org.uk/toolkit/destitution-and-housing/;Housing & Homelessness;;Destitution means having nowhere to live, or no way of paying for food and basic needs such as shelter, water, warmth, clothes or sanitary items. Destitution can affect anyone, but for migrant communities in the UK, the risk of destitution can often be higher because types of immigration status can come with different conditions and restrictions on rights, such as the right to work, rent, study, or claim support from the government. This page explains how you might experience destitution, and what you may be able to do to seek support to access housing, or to afford your basic needs. On this page, you will find the following information: • What is destitution? • How your immigration status affects your rights in the UKIf you have claimed asylumIf you have ‘no recourse to public funds’If you are living in the UK without leave to remain • If you have claimed asylum • If you have ‘no recourse to public funds’If you are living in the UK without leave to remain • If you are living in the UK without leave to remain • Safety planningSurviving the hostile environment – legal rights and restrictionsExploitationVisa sponsorshipDomestic abuseModern Slavery and TraffickingImmigration EnforcementHow information is shared by some public services with the Home OfficeDiscrimination and feeling unsafe • Surviving the hostile environment – legal rights and restrictions • ExploitationVisa sponsorshipDomestic abuse • Visa sponsorship • Modern Slavery and Trafficking • Immigration Enforcement • How information is shared by some public services with the Home Office • Discrimination and feeling unsafe • ACTION SECTION: reporting unsafe situations • Making a new applicationFurther submissionsA new immigration applicationPreparing to make an applicationIf you can’t afford to pay for an application • Further submissions • A new immigration application • Preparing to make an application • If you can’t afford to pay for an application • What support can I get if I need somewhere to stay or have no money?Asylum supportAsking for different supportDiscontinuations and decisionsPermission to workVoluntary returnPublic fundsLocal authority supportNational Referral Mechanism (NRM)Charity housing or supportTemporary shelterHosting and Housing charitiesRefuges and safe housesFood banks and clothes banksCharity support • Asylum supportAsking for different supportDiscontinuations and decisionsPermission to workVoluntary return • Asking for different support • Discontinuations and decisions • Permission to work • Voluntary return • Local authority support • National Referral Mechanism (NRM) • Charity housing or supportTemporary shelterHosting and Housing charitiesRefuges and safe housesFood banks and clothes banksCharity support • Temporary shelter • Hosting and Housing charities • Refuges and safe houses • Food banks and clothes banks • Charity support • ACTION: gathering and organising your documents;1;;;;;
301;Right to Remain - Destitution and Housing;Third Sector;https://righttoremain.org.uk/toolkit/destitution-and-housing/;Housing & Homelessness;A new immigration application;You might be able to make a new immigration application based on human rights.This might be because of the connections you have in the UK, or because of your particular circumstances. If your application is not based on protection grounds, you can submit this using an online form and submitting your evidence to the Home Office.;2;;;;;
302;Right to Remain - Destitution and Housing;Third Sector;https://righttoremain.org.uk/toolkit/destitution-and-housing/;Housing & Homelessness;ACTION SECTION: reporting unsafe situations;Most people in the community care about the people around them, and they want their community to feel safe and fair.There are however some individuals and groups that support far-right extremists, or support anti-migrant and racist ideas. These people target and intimidate those who look different to them or who have different beliefs to them. If you are worried about your safety, you can read and share ourGeneral Safety advicewhich explains lots of practical ways to stay safe, get support and look out for each other. There are different steps you can take, and processes to follow in different situations: If you feel unsafe in asylum accommodation • Tell migrant help, explain your concern, ask for a safe place to stay • If you have been threatened or attacked, call the police • Contact a trusted person, consider staying with a friend • Find a local support organisation and explain what is happening If you have been discriminated against in a service setting (e.g. GP, job centre) • Ask to speak to a different member of staff or a manager • Ask for another appointment or a specific time to talk about what happened. You can take a trusted person with you for support. • Write down what happened, how it affected you and what you want to happen. You can ask a trusted person to help you do this. • Ask what the complaint process is, or check their website to find out. You can make a formal complaint if you don’t feel comfortable speaking to someone directly or if you feel it is important to do this. A formal complaint sometimes means that the service must respond and take action, and sometimes it will be noted on the service’s public record that a complaint has been made (the details of the complaint should not be shared).A complaint might not lead to the outcome that you want, or any action at all, but it can be an important way of being heard and stopping further incidents from happening. If you have been attacked or threatened in public • Seek a safe space. This might be in a cafe, a place of worship or a shop. • Try to stay calm and keep space from the attacker • Call the police to report an incident or threat or if you are in danger • Contact a trusted person to talk about what happened or to have some company • Remember that it is not your fault and it is not OK;2;;;;;
303;Right to Remain - Destitution and Housing;Third Sector;https://righttoremain.org.uk/toolkit/destitution-and-housing/;Housing & Homelessness;ACTION: Preparing your documents;Having information and documents as evidence to prove your situation can be really important when you make an immigration or asylum application. Decisions on cases can be very slow, but there are also some new processes with shorter deadlines, for example forasylum appeals.Where possible, having evidence ready early in a case can be helpful for your case. Keeping your documents organised can be a helpful step to take to prepare yourself. Having copies of your documents that you can access easily will help you be ready if you need to explain your situation or submit evidence quickly. There are a few things you can do to gather and organise your documents: • Check you have copies of important Home Office documents.This can include:Interview recordsHome Office decision lettersReporting and bail documents • Interview records • Home Office decision letters • Reporting and bail documents • Check you have copies of any court documents like Judge’s decisions • Check you have copies of any evidence you submitted and proof it was submitted.This can include:Your witness statementImportant documentsReports and articles (you might want to save a link if they are online but also download or print the page) • Your witness statement • Important documents • Reports and articles (you might want to save a link if they are online but also download or print the page) If you have lost some of your documents, there are different ways you can get copies: • Make a subject access request to the Home Office • If a lawyer helped with your case, ask them for your file. Find out more about working with lawyershere • Ask for copies of your court documents:Login to HMCTS to find a copyEmail the court:contactia@justice.gov.uk • Login to HMCTS to find a copy • Email the court:contactia@justice.gov.uk If you have been in the UK for a long time, then you might want to find evidence to show that you have been living here. This can include lots of different types of evidence. We have listed some of themabove. You might be able to ask someone you know and trust to write you letters, or you might need to make a more formal request by writing a letter or email to services you have used, places you have worked or volunteered, or anywhere else you might have been present. Your letter might look something like this: [Addressed to the person or service] RE: Letter of support for [Your name and date of birth] Dear Sir or Madam I am writing to request a letter from you regarding my involvement with your service/ attendance at your service. The letter is required as evidence of my presence in the UK as part of an immigration application.I kindly request that you provide me with a short letter confirming the following details: • Your name and position • How you know me or know of me • The dates during which I had contact with your service • The nature of my contact Thank you kindly for your assistance. Yours Sincerely, Sometimes, a service might tell you that they no longer hold your information and cannot provide this. Normally this happens because of data protection, which is a system designed to stop your information being stored or shared when it is not necessary.Many services will delete your information and documents if you have not contacted them for a certain period of time. This can make it difficult to get evidence to prove that you were in the UK a long time ago. You might want to consider keeping multiple copies of your documents.This could mean having your documents printed and stored in a folder in a safe place, like in your home or with a service you trust. You could also have a digital copy of your documents saved in your emails, or an online storage system.If there is someone you trust who could keep a copy of your documents for you in a file, or online, then this could also help you access them in a crisis.;1;;;;;
304;Right to Remain - Destitution and Housing;Third Sector;https://righttoremain.org.uk/toolkit/destitution-and-housing/;Housing & Homelessness;Asking for different support;If you are living somewhere that is not safe, suitable or accessible, you might want to ask for a different type of support. A lot of people experience issues with the accommodation provided through asylum support. Houses are often in poor condition and need repairs. This can make it uncomfortable to live in a property, and sometimes unsafe.It is important to report any issues to the Home Office to ask them to make the property safe and secure. Often, when you first ask for asylum support, you will be given a room in a hotel. Sometimes you will be told to share a room with someone else. This is called emergency accommodation and should only be for a short time.In reality, many people have to live in hotels for a long time, which can mean not being able to cook your own meals, and having to share space with unfamiliar people.This can be hard, particularly if you have experienced trauma, or abuse. Sometimes, if you are living in a hotel, you will be told that you won’t be given money to support yourself, but will be given food at the hotel. The food can be different to what you are used to or would like to eat, and there are often no cooking facilities for you to cook for yourself. If you or your child have special dietary requirements, you can explain this and make a request for different arrangements but this might not be accepted if the Home Office decides the food is suitable. If you are given asylum support, the Home Office can decide to move you to a different place at any time. You won’t have a choice about where you will live.You could be moved somewhere far away, or somewhere that is very remote (this means it is not close to a town or services). This can also happen with very little notice. It can be difficult to move if you have been in an area for a long time, for example if you have made connections in the community, found a lawyer nearby, are receiving medical treatment or have children in school.You can explain to the Home Office that you do not want to move, and explain why you need to stay in your area. The Home Office might consider this information and offer you a different property, or they might refuse and tell you that you have to move anyway. For any accommodation issues or requests, it is important to try and provide as much information and evidence as possible. If you refuse to go to the accommodation offered to you, then the Home Office can record this as ‘failure to travel’. Sometimes this happens by accident, for example if you didn’t know you were going to be moved, or because the person who comes to collect you goes to the wrong address. If you are told that you failed to travel, then it is important to explain why, so that you can request to be taken to the accommodation again or to ask for a different option. If your explanation is not accepted then you might need to apply again for support. Sometimes, your circumstances could change while you are in asylum support, for example if you have a child, or separate from a partner. You might be sharing a room, or a property, and feel uncomfortable or unsafe because of other residents. If you need different accommodation because your accommodation is not suitable or accessible, you don’t feel safe, or you want to live separately from someone else then you can explain this and ask to be moved. If you are in danger, and need to move urgently, then you should report this as soon as possible. You can talk to a housing officer, or a trusted person who can support you to do this. You might be able to access asafe housein some situations. In an emergency, call 999. There has been an increase of attacks on asylum support housing. If you think that your home is being targeted, or you have been threatened, then you can report this to the police, and to the Home Office. If there is a trusted person that you can contact in your area, then they could also help you to seek safety and report what is happening.;2;;;;;
305;Right to Remain - Destitution and Housing;Third Sector;https://righttoremain.org.uk/toolkit/destitution-and-housing/;Housing & Homelessness;Asking to return to the country you are from;There is a process called ‘voluntary return’ which you can apply to if you want to return to the country you are from. This is different to being removed or deported from the UK because it is not considered a forced removal. The Home Office might share information about voluntary return to you if you receive a refusal letter.Although this process is voluntary, sometimes it is explained in a way that can make you feel pressured to make an application for return, even if you don’t want to.If you feel like you are being pressured to ask for voluntary return, you can say that you don’t want to discuss this. Applying for voluntary return means that you can ask for asylum support while you wait to be returned to your country. It might feel like this is your only option if you have nowhere to live and no money to support yourself, and you don’t feel able to make a new immigration or asylum application yet.If your case has been refused, and you have been told that your support will stop, it can be really confusing and difficult to know what to do next. Asking for voluntary return can impact your immigration status, so it is important to consider whether you really want to be returned to the country you are from. If you ask for voluntary return and then change your mind, then you can withdraw your application, but this could affect future applications. For example, if you ask for voluntary return, then make a fresh claim for asylum, then the Home Office could say that you would be safe in the country you are from because you asked to return there. If this happens to you then you can explain why you made the request and what has changed. Sometimes, you might decide that you want to return to the country you are from. This could be because your circumstances have changed, the situation in your country has improved or because you don’t want to live in the UK. If you apply for voluntary return, you can also request financial support from the Home Office. This can help you support yourself when you arrive in your home country.;2;;;;;
306;Right to Remain - Destitution and Housing;Third Sector;https://righttoremain.org.uk/toolkit/destitution-and-housing/;Housing & Homelessness;Asylum support;"Asylum support is provided by the Home Office. There are different types of asylum support which are usually named after the section of the law where they are explained. The main types are called ‘Section 98’, ‘Section 95’, ‘section 4’ and ‘schedule 10’. The support you can access will depend on the stage of your case, and your individual circumstances. You can apply for asylum support if: • You have made a first claim for asylum, have not received a final decision and have nowhere to live or no money to support yourself; • You have claimed asylum and received a refusal decision, and you have no more appeal rightsand:You have asked for help from the Home Office to return to the country you are from;orYou are not able to leave the UK because of a medical condition (a doctor must confirm in writing that you are not able to travel on a plane);orThere is no safe way to travel to the country you are from;orYou have permission to request a judicial review about your asylum claim;orSupport is needed to protect your human rights – this includes if you have made further submissions to the Home Office. • You have asked for help from the Home Office to return to the country you are from;or • You are not able to leave the UK because of a medical condition (a doctor must confirm in writing that you are not able to travel on a plane);or • There is no safe way to travel to the country you are from;or • You have permission to request a judicial review about your asylum claim;or • Support is needed to protect your human rights – this includes if you have made further submissions to the Home Office. • You are on immigration bail, you have been told that you need to stay in a specific address and you have nowhere to live.";1;;;;;
307;Right to Remain - Destitution and Housing;Third Sector;https://righttoremain.org.uk/toolkit/destitution-and-housing/;Housing & Homelessness;Charity housing or support;There are lots of charity and community organisations providing support to different groups of people. This could include housing, financial support, support and advice services, clothes and food, or something else.;1;;;;;
308;Right to Remain - Destitution and Housing;Third Sector;https://righttoremain.org.uk/toolkit/destitution-and-housing/;Housing & Homelessness;Charity support;There are lots of charities in the UK, providing different types of support. This could include: • Helping you access and understand services • Providing advice and support • Help with living costs or transport costs • English lessons • Activities and community events for wellbeing You can check if there are any support services in your local area by searching online. You can also contact bigger, national organisations to ask for help to access support. Some organisations only support specific groups of people. Support can include connecting you with other people in your community, or helping you understand and navigate different situations. It could also be help with money, food or clothes. If you are pregnant, you might be able to get support to understand your maternity rights, or help you when you give birth. You may also be able to get help with money or for clothes and items for your baby. If you identify as LGBTQI, there are lots of different organisations that can support you by sharing information and connecting you with a community. If you have a disability, you might be entitled to extra support.Sometimes professionals are misinformed about who is entitled to what, and the legal duties of a particular service. This can often be a barrier for adults with care needs, and for people seeking asylum who have a disability. There are lots of resources online that explain rights and entitlements, as well as some organisations providing support and advocacy. If you have been diagnosed with a mental health condition, or you are feeling very low or anxious, you might be able to access therapy or counselling.If you think you are having a mental health crisis and you are at risk you can call 999 or go to A&E.There also might be a community support group near you where you can go and meet other people or take part in activities. If you are struggling, your GP can also help you understand any possible treatment options, or refer you to a specialist if needed.;1;;;;;
309;Right to Remain - Destitution and Housing;Third Sector;https://righttoremain.org.uk/toolkit/destitution-and-housing/;Housing & Homelessness;Discontinuation of support;There are different situations where your asylum support can be stopped. This is called a discontinuation.If the Home Office plans to stop giving you asylum support, then they should send you a letter explaining this.You support might be stopped if: • You receive a decision on your asylum claim • The Home Office thinks you are not living in the accommodation • The Home Office thinks you are not destitute – this can include if they believe you have a bank account or are working • Your asylum claim is withdrawn – this can happen if you miss a reporting event, or an interview, or if you breach bail conditions, for example by working without permission If you receive a discontinuation letter, try to read through this and understand why your support is being stopped. If your claim has been withdrawn then you will need to take action to restart your claim.You might be able to challenge a discontinuation decision by explaining things or providing evidence. If you have received a decision on your asylum claim, then your options will depend on whether your claim is refused or accepted. If you are granted protection status or leave to remain, then you will have a limited time (currently 42 days) to find another place to stay. You can check whether you can access housing through the local authority and follow the local application process. You might be able to find support to do this through an organisation supporting migrant communities in your area. If your asylum claim is refused, you will need to check whether you have a right of appeal against the decision. If you do, then the appeal deadline is 14 days from the date of the decision.It is important that you lodge an appeal in time to make sure that your support continues. If you miss the appeal deadline, then you can still lodge an appeal and ask for asylum support again but this can be more complicated.;1;;;;;
310;Right to Remain - Destitution and Housing;Third Sector;https://righttoremain.org.uk/toolkit/destitution-and-housing/;Housing & Homelessness;Discrimination and feeling unsafe;Immigration control can make it harder for migrant communities to access services but there are also often other barriers. Some of these are built into systems and institutions themselves, while others come from racism, discrimination and hostility in wider society. This does not mean that everyone in a community is hostile or racist. But loud anti-migrant voices, parts of the mainstream media, organised far-right groups and discriminatory systems can all shape how safe or welcome people feel, and how they are treated when trying to access support or services. This could include: • Language and communication barriers– if you don’t speak English, or find it hard to understand or communicate • Being made to feel unwelcome or discriminated against– this means being treated differently because of your identity or circumstances. It could be someone refusing to help you, or provide a certain service to you, by ignoring you, or through offensive words or actions • Lack of respect for religious or cultural requirements– this could mean being refused a chaperone or female doctor, or not being allowed an appropriate place to pray • Lack of professional knowledge– when services don’t understand your rights and entitlements, they can refuse to support you or make accessing support confusing and intimidating • Feeling scared– of being asked to pay, of being reported to the Home Office, of being targeted These barriers can make accessing services feel intimidating. If possible, going with someone you trust to appointments and making connections in your community can help you feel safer. If someone treats you differently because of your race, religion, gender, sexuality or a disability, they could be committing a criminal offence.It can feel overwhelming and scary to say something, but if you feel able to, then you can report this as a hate crime to the police. If you feel threatened or targeted in a service, or if things just don’t feel right, try to find a space where you feel safe, or contact someone you trust to explain what is happening. You can think about how you feel and what you want to do next. This could be reporting an incident, making a complaint, or finding a different service to use. Sometimes, abuse and violence can happen when you are in a public space, or in your accommodation. Verbal abuse, threats, harassment and violent attacks can all be criminal offences, and are not acceptable in any situation. If you are threatened directly, or repeatedly, then you can report this to the police, and if you think you are at immediate risk of harm then call 999.;1;;;;;
311;Right to Remain - Destitution and Housing;Third Sector;https://righttoremain.org.uk/toolkit/destitution-and-housing/;Housing & Homelessness;Domestic abuse;If you are living in an abusive situation, then you might not have control of your own activities or finances. You might feel like you need to keep your job because someone is threatening you by controlling your income, or because you want to be able to leave the situation and support yourself independently. When this is done by a family member, it is called domestic abuse. There are support options available if you are in this situation, and your safety is the most important thing. We explain what you might be able to do if you are in this situation in our Key Guide for migrants affected by domestic abuse.;1;;;;;
312;Right to Remain - Destitution and Housing;Third Sector;https://righttoremain.org.uk/toolkit/destitution-and-housing/;Housing & Homelessness;Enforcement visits and raids;If you are in the UK without leave to remain, then you are at higher risk of being targeted by Home Office enforcement because of your immigration status. Enforcement can happen in different situations and forms, including through immigration visits, checks and raids. This could be in a public space or on public transport, or in a targeted raid in a home, or a workplace. If a visit or raid happens in a place where you are living, or working, then you could be questioned, and detained, but there are some rules about when and how this can happen.Immigration officers cannot just stop you and question you if they have no permission or clear reason to do so.We explain more about immigration enforcement and your rights in our Immigration Enforcement Key Guide. If you have submitted an application to remain in the UK, then you should not be removed while this is being considered.This does not mean that you cannot be questioned or detained and you could still face criminal charges if you are breaking the law. This can include doing things you don’t have permission to do, for example working when you don’t have the right to work. Any criminal charge can affect your immigration or asylum case and be used as a reason to remove you from the UK, so it is important to understand and consider this.;2;;;;;
313;Right to Remain - Destitution and Housing;Third Sector;https://righttoremain.org.uk/toolkit/destitution-and-housing/;Housing & Homelessness;Exploitation;When people have very limited choices about how to get money, food, housing or other things they need, this can make them more vulnerable to unsafe or unfair situations.Someone else may treat you badly, pressure you to do things you do not want to do, take advantage of your situation, or control where you go and what you do. If this is happening to you, then you might be experiencing exploitation.Exploitation happens when a person who is in a position of power abuses their power to control another person for their own benefit,for example to make money. Being exploited is not your fault, even if you agreed to the situation at first or felt you had no other option. Exploitation is not always visible or obvious. It can happen in many different relationships, work or living situations .It happens when someone makes you do something you don’t want to do, controls your activities or movement, or refuses to give you something that was agreed. This could include: • Taking or keeping your passport, ID, bank card or phone • Threatening to report you to the Home Office, police or another authority • Stopping you from leaving, seeing other people or contacting friends and family • Pressuring or forcing you to do work or other things you did not agree to • Changing your pay, hours or conditions after you have already started • Making you pay unfair or unexpected charges for accommodation, transport, food or work • Threatening to make you homeless if you do not do what they say • Controlling your money or taking money from your account • Pressuring or forcing you into sexual activity • Making you commit crimes or do things that could get you into trouble • Making you work in unsafe conditions If you do not have leave to remain, or if your immigration status is temporary or depends on your job, you may feel that you cannot leave a situation where you are being exploited. Your immigration status may also make it feel harder or less safe to report what is happening or ask for help. The immigration system can itself feel unsafe and uncertain. Being exploited is not your fault.;1;;;;;
314;Right to Remain - Destitution and Housing;Third Sector;https://righttoremain.org.uk/toolkit/destitution-and-housing/;Housing & Homelessness;Food banks and clothes banks;A food bank is a place where you can go and access free food if you have a low income or are experiencing destitution.There is a local food bank in most areas in the UK. Sometimes, food banks will ask you to bring proof of your circumstances. This might be a letter showing that you are receiving asylum support, a bank statement or a letter from a support service who have told you to go to the food bank. There are lots of local organisations that can also help you to get clothes that are appropriate for the weather, like a coat or shoes.If you have children then you might also be able to get support to find free school uniforms, from a charity, from a school or from the local authority.You can check for local services online by searching for ‘free clothes’ and your area.;2;;;;;
315;Right to Remain - Destitution and Housing;Third Sector;https://righttoremain.org.uk/toolkit/destitution-and-housing/;Housing & Homelessness;Further submissions;If your asylum claim was refused and you have no more appeal rights, you might be able to submit more information or evidence by making further submissions.You can do this at any point in your case, even if it has been a long time since you came to the UK or received a refusal. There are some general principles to understand if you are thinking about making further submissions which we explain in the Fresh claim toolkit page. If you have made further submissions, you can request financial support and housing from the Home Office by applying for asylum support.We explain what this is below, and on our asylum support toolkit page.;2;;;;;
316;Right to Remain - Destitution and Housing;Third Sector;https://righttoremain.org.uk/toolkit/destitution-and-housing/;Housing & Homelessness;Hosting and housing charities;There are some organisations that can help you find a place to stay while you are working on your immigration or asylum case. This could be shared housing that is provided by a charity, or it could be through a hosting arrangement where you live with someone who has offered to share a space in their home. You can try and search for support online by checking the No Accommodation network (NACCOM) member list to see if there is somewhere near you that might be able to help.;1;;;;;
317;Right to Remain - Destitution and Housing;Third Sector;https://righttoremain.org.uk/toolkit/destitution-and-housing/;Housing & Homelessness;How information is shared by some public services with the Home Office;The UK’s hostile environment makes immigration control part of everyday life.Instead of immigration enforcement happening only through reporting, raids, detention or removal, checks on immigration status have been built into areas such as work, housing, healthcare, benefits and other public services. This means people may be asked to prove their immigration status when trying to access things they need.In some situations, services can share information with the Home Office, and the Home Office can confirm things like whether someone has permission to be in the UK, whether they have a right to access a service, or whether there are restrictions on their immigration status. Services that may share information with the Home Office include: • hospitals and healthcare services • local authorities, including children’s and adults’ social services • landlords and employers, where they need to check a person’s right to rent or work • Jobcentres, when checking entitlement to benefits or other support These systems can make people feel watched, unsure about their rights, or scared to ask for help. They can also create barriers for people who do have a right to access a service. But knowing that information sharing can happen does not mean that people should avoid services they need. In many situations, services can only ask for or share certain information for particular reasons. Where possible, you can ask why information is being requested, whether it will be shared with the Home Office, and what information is actually needed. You can also take someone you trust with you, ask for an interpreter if you need one, and keep a record of what you were asked for and what happened. If you need urgent medical attention or you are in danger, your safety and wellbeing comes first. Do not avoid emergency help because you are worried about information sharing. The police can share your details with Immigration Enforcement. In some situations, police officers also have powers to arrest someone under immigration law. They cannot stop, question or arrest someone just because of assumptions about their nationality, ethnicity or immigration status. Community organisations and specialist services may also be able to help you understand your rights, challenge unfair treatment and navigate these systems more safely.;2;;;;;
318;Right to Remain - Destitution and Housing;Third Sector;https://righttoremain.org.uk/toolkit/destitution-and-housing/;Housing & Homelessness;How your immigration status affects your rights in the UK;To understand what your rights are, you need to understand what your immigration status is.Your immigration status means the legal permission you have (or do not have) to be in the UK. If you are in the UK with indefinite leave to remain, settled status or as a British Citizen, then there are no restrictions on your right to access most types of support, but you may need to prove other circumstances. If you are in the UK on a temporary visa, or with leave to remain (a type of permission to be in the UK) then you can check whether there are any conditions attached to your immigration status. If you have claimed asylum and are waiting for a decision, then you will have access to specifictypes of support. If you don’t have any type of visa, your leave to remain has expired, or you have never applied for permission to be in the UK, then you have no leave to remain.People in this situation might hear the terms ‘overstayer’ or ‘undocumented migrant’ or be told they have no immigration status. The conditions attached to different types of immigration status mean that there are certain people who are more likely to be at risk of destitution. This can include: • people who have claimed asylum (especially when they have been refused). • people with no recourse to public funds (this means that you cannot access certain kinds of financial help or housing support from the government or your local council. It is often shortened to NRPF) • people who are in the UK without leave to remain. There are many reasons why someone may be living in the UK without current permission. This can include difficulties caused by the immigration system or things that have happened in someone’s life. Your rights can change at different stages of your case.You might be able to access different support after making an application, or getting a new decision, but you might also lose access to support. Sometimes, you may have had the right to do certain things in the past, for example if you came to the UK on a visa as a student or worker, and then claimed asylum. You may still have access to a job, benefits, a home, a car or a bank account, or be receiving treatment for a medical condition. However, being able to continue accessing somethingdoes not mean that you are legally entitled to this.  This could cause you to face issues later on.For example: • Being told you have a debt to repay e.g. for medical treatment, or for benefits paid to you by mistake • The Home Office deciding to stop your visa • Facing criminal charges e.g. if you are found driving or working without the right to do so It can be difficult to understand whether you are allowed to do something.If you are unsure, check your Home Office documents first. You might find this information in recent decision letters, or immigration bail documents. If it is still unclear, you can ask a trusted person to help you understand your documents or try and get legal advice from a lawyer. If you do not have copies of the documents you need, you can ask the Home Office for them. This is called making aSubject Access Request (SAR).;1;;;;;
319;Right to Remain - Destitution and Housing;Third Sector;https://righttoremain.org.uk/toolkit/destitution-and-housing/;Housing & Homelessness;If you are living in the UK without leave to remain;This section is about people who are living in the UK without leave to remain and who are not waiting for a decision on an asylum claim. Many people live in the UK without leave to remain.This means they don’t have permission to live in the UK. This might be because their application was refused, because they have stayed past the expiry date of their visa or because they have never made an application to stay in the UK. You might be told you can stay in the UK but you are on “immigration bail”. This means that you can live in the UK but with specific conditions, and that you could be detained by the Home Office. This usually means having to live at a specific address, and report to the Home Office, and sometimes harsher conditions like electronic tagging. If you do not have leave to remain, you will also have no recourse to public funds. You are  not allowed to work, rent accommodation, study, drive, or even open a bank account. You can also be stopped from accessing certain healthcare services, and can be charged for medical treatment. If you require emergency medical treatment, this should be provided but you can be charged afterwards. These conditions can make it very difficult for you to afford your basic needs and keep yourself safe and healthy. If you have no leave to remain, and no application waiting, it is important that you also understand your immigration options so that you have enough information to make decisions about your future. If you are in this situation, you are at greater risk of being detained and removed from the UK. There are still things you can do to take actions to prepare and protect yourself. As communities, we can also take collective action by providing legal support to build solidarity and protect each other. You might want to consider whether there is an asylum or immigration application you could make. If you are granted leave to remain, then you will be able to access more types of support, and if you make further submissions, then you will be able to ask for asylum support. We explain the different types of support more later on the page. Immigration law and Home Office rules are very complicated and change often.You are not expected to understand everything on your own.Even lawyers and judges have said that immigration law can be very difficult to understand and keep up with. We know that reading this information can feel overwhelming, especially if you are dealing with a lot at the same time.You are not alone, and needing help does not mean you have done anything wrong.You can take things one step at a time and ask someone you trust to help you. The Right to Remain Toolkit contains lots of information about the immigration and asylum system, and preparing different types of applications. You can read through this in your own language, or with a trusted person who can help you think about useful steps you could take.;1;;;;;
320;Right to Remain - Destitution and Housing;Third Sector;https://righttoremain.org.uk/toolkit/destitution-and-housing/;Housing & Homelessness;If you can’t afford to pay for an application;If you want to make an immigration application, but you cannot afford the fees, you may be able to request a fee waiver so that you can make your application without paying.To do this, you will need to provide evidence to show that: • You can’t afford your housing or living costs • You are experiencing destitution • You have a low income and paying fees could impact a child’s wellbeing;1;;;;;
321;Right to Remain - Destitution and Housing;Third Sector;https://righttoremain.org.uk/toolkit/destitution-and-housing/;Housing & Homelessness;If you have claimed asylum;If you have claimed asylum, then you can normally ask the Home Office to give you somewhere to live and money to support yourself while you wait for a decision. This is called ‘asylum support’. The support you can get depends on your situation and what is happening with your case. We know from our community thatasylum support is often not enough.Some people struggle to afford basic items with the money they are given or have to rely on support from charities, friends, family, people in the community. This means thatmany people who receive asylum support may still be facing destitution. If you make an application for asylum support, the Home Office will first check your financial circumstances.This means they will ask questions about whether you have any income or savings, and why you need asylum support. They can also check with the banks whether you have any accounts, and ask you for bank statements if you do.If you ask for support later in your claim, you might be asked to explain how you have been supporting yourself so far, and where you have been staying. If your asylum claim is refused, you might have a right of appeal.You can continue to receive asylum support until you have no more appeal rights(we explain this morehere). At this stage, you will lose your right to asylum support. You might be able to apply for asylum support again if you make further submissions, or if you ask the Home Office to return you to your country. Some people might be able to keep getting asylum support, even if they have no more appeal rights.  For example, support can continue if your household includes a dependent child under 18. Other people may be able to get a different type of support, calledSection 4 support, if they are destitute and meet certain conditions. This can include some situations where a health problem means they cannot leave the UK There are also circumstances where you may need to get extra support, such as extra payments or accommodation that meets particular needs.This might include: • If you are pregnant • If you have a baby or child aged 3 or under. • If you need to travel a long distance for medical treatment • If you have a health condition that causes extra essential costs e.g. if you need a special diet. • If you have a disability or health condition and need specific accommodation or equipment e.g. because of mobility or other medical needs • If your accommodation is not safe for you or does not meet your important health or support needs. E.g. this could be risk from domestic abuse or harassment. We explain this further below, and you can read more about asylum support below and on our Asylum Support toolkit pagehere.;2;;;;;
322;Right to Remain - Destitution and Housing;Third Sector;https://righttoremain.org.uk/toolkit/destitution-and-housing/;Housing & Homelessness;If you have ‘no recourse to public funds’;Public funds are certain types of financial help and housing support that are listed in immigration law. You will also hear them called ‘benefits’. Benefits are financial support provided by the government which can include money, vouchers, discounted bills and housing.Lots of benefits are public funds, but some are not. Check which benefits are public fundshere. If you have leave to remain in the UK, you might have a condition called ‘no recourse to public funds’. You should be able to check this on your evisa, and you can also check the decision letter for when your application was granted.If you have ‘no recourse to public funds’ (NRPF) then you will not be allowed to claim any public funds. NRPF is part of the hostile environment – a system of rules designed to make life more difficult for migrants who are in the UK without permission or with temporary status. The government says that restricting rights for certain migrants is necessary for immigration enforcement so that people do not enter the UK without permission, or stay in the UK without permission. They also say that these restrictions protect ‘taxpayer money’. In reality, these restrictions often leave people without enough money, housing or other support and increase risk of destitution. You might have a NRPF restriction if you are in the UK with leave to remain as: For many people, this condition means that they are trying to survive on a low wage, or with no income and cannot apply for support from the government to help cover their living costs. This can be difficult if your circumstances change without warning. For example if a relationship breaks down, if you lose your job, or if you become responsible for caring for a child or family member. Some people will be able to request access to public funds if they are not able to afford their basic living costs, if they are responsible for a child, or if they have lost or could lose their housing. This is done by making an application called ‘change of conditions’.  Making this request can impact your immigration status, so it’s important to understand this before applying.;1;;;;;
323;Right to Remain - Destitution and Housing;Third Sector;https://righttoremain.org.uk/toolkit/destitution-and-housing/;Housing & Homelessness;Immigration Enforcement;Immigration enforcement means all of the ways that the Home Office controls immigration.This can be tracking and controlling where someone lives or can go, telling someone to report, or through detention and removal. Enforcement also happens through the hostile environment, which is a system that restricts people’s rights based on their immigration status by pushing immigration checks into everyday life.;1;;;;;
324;Right to Remain - Destitution and Housing;Third Sector;https://righttoremain.org.uk/toolkit/destitution-and-housing/;Housing & Homelessness;Local authority support;A local authority means the local government in the area where you live.The local authorities are legally responsible for supporting certain people.There are two main reasons why this support could be given: • a child (under 18) is in need of additional support because they are at risk or there is no responsible adult to care for them • An adult is assessed as having ‘eligible care needs’ and requires support to ensure their wellbeing and safety Before the local authority can provide support, they will complete an assessment. This can take a long time and be complicated. Sometimes, assessments can be incorrect or missing information, and support can be refused.If the local authority refuses to support you, you might be able to challenge this decision.You can try to provide more information or evidence, or you can look for a community care solicitor to help you.;1;;;;;
325;Right to Remain - Destitution and Housing;Third Sector;https://righttoremain.org.uk/toolkit/destitution-and-housing/;Housing & Homelessness;Making a new application;You will usually need to make a new application to be granted leave to remain. Different applications could also give you access to different types of support.;1;;;;;
326;Right to Remain - Destitution and Housing;Third Sector;https://righttoremain.org.uk/toolkit/destitution-and-housing/;Housing & Homelessness;Modern Slavery and Trafficking;Sometimes, exploitation can be so severe that it becomes modern slavery or human trafficking under the law. Modern slaveryincludes situations where someone is forced, threatened, deceived or controlled in order to exploit them. This might include being forced to work, being sexually exploited, being made to commit crimes, or being prevented from leaving an exploitative situation. You do not have to be completely controlled by another person for your experience to be considered modern slavery. Traffickingis a type of modern slavery. It involves someone being recruited, moved, transferred, housed or received so that they can be exploited. This could involve labour exploitation, sexual exploitation, criminal exploitation or other types of exploitation. There is a special system for identifying and supporting people who may have experienced modern slavery or trafficking. This is called the National Referral Mechanism (NRM).Depending on your circumstances and the stage of the process, support can include accommodation, financial support and help to access healthcare and other services. Adults must agree before they are referred into the NRM, and the referral must usually be made by an organisation that is allowed to make referrals, called a first responder organisation. You can ask for help even if the exploitation happened a long time ago, and you do not need to be certain that what happened to you was modern slavery before asking for support. If you think you may be experiencing modern slavery or trafficking now, you can speak to someone you trust or a specialist organisation about your options. If you are in immediate danger, you can call 999.;2;;;;;
327;Right to Remain - Destitution and Housing;Third Sector;https://righttoremain.org.uk/toolkit/destitution-and-housing/;Housing & Homelessness;NRM;If you think you might have experiencedmodern slavery or trafficking, you can ask to be given a safe place to stay and money to support yourself while you think about your next steps. This is normally arranged through the National Referral Mechanism (NRM), which is a government process for identifying and supporting people in this situation. Referrals to the NRM are usually made through theSalvation Armyor by a specific person, but you can also call and report this yourself.;2;;;;;
328;Right to Remain - Destitution and Housing;Third Sector;https://righttoremain.org.uk/toolkit/destitution-and-housing/;Housing & Homelessness;Preparing to make an application;Strict immigration rules mean that often, people spend a long time in the UK before they can make an application. You might choose to stay in the UK if you know that the country you are from is unsafe or unstable, and this has not been accepted by the Home Office or courts. If you plan on making an application based on the time you have spent in the UK, and the connections you have to the UK, then you will need to be able to provide evidence.Gathering evidence early and keeping copies of your documents can be really helpful for when you make an application. Data protection law means that services can delete your information after a certain period of time. This can make it more difficult to get information later on. If you can, keep copies of all your documents by saving them as digital files. You might also want to give physical copies of your documents to someone you trust who can keep these somewhere safe for you. Things that could be useful for proving time spent in the UK might include: • Letters or emails confirming paid or voluntary work, payslips, tax returns, national insurance records • Home Office documents • Medical letters and records • Bank statements • Certificates from education or training • Bills and rent agreements • Membership documents or ID;2;;;;;
329;Right to Remain - Destitution and Housing;Third Sector;https://righttoremain.org.uk/toolkit/destitution-and-housing/;Housing & Homelessness;Public Funds;If you have leave to remain, and there is no NRPF condition, then you can apply for benefits if you need help with your living costs or accommodation. You will need to meet the rules for each specific type of support. This usually means your income and circumstances will be checked to confirm whether you qualify. You can check what benefits you could get by using online benefit calculators. If you have leave to remain but do not have recourse to public funds, then you might be able to apply specific benefits that are not classed as public funds. You can find a list of thesehere. You also might be able to apply to have the NRPF condition removed. This is done by completing an application called a ‘change of conditions’ using an online form, and giving information about your circumstances.It is important to consider whether this is the best option for you, and whether it might impact your immigration status.;3;;;;;
330;Right to Remain - Destitution and Housing;Third Sector;https://righttoremain.org.uk/toolkit/destitution-and-housing/;Housing & Homelessness;Refuges and Safe houses;If you are in a situation where you feel unsafe because of your identity or because of how you are being treated, then you might be able to get special support and housing.This might mean that you can live in a type of accommodation called a refuge, which is a property that has extra safety measures in place, and support staff available to protect and help the people living there. You might be able to access this support if: • you have been affected by domestic abuse • you may have experienced modern slavery or trafficking (explained above [link in text?]) • you feel unsafe because of your sexuality or gender identity If you think you have experienced or are experiencing domestic abuse, you can seek help to access a refuge. This type of support gives you a safe place to live while you plan your next steps. If you identify as LGBTQI, you might be able to apply to stay in a safe house with other LGBTQI people.  Microrainbow can provide safe housing and social support for people who are waiting for a decision on an asylum claim or a fresh claim.;1;;;;;
331;Right to Remain - Destitution and Housing;Third Sector;https://righttoremain.org.uk/toolkit/destitution-and-housing/;Housing & Homelessness;Requesting permission to work;If you have claimed asylum and have been waiting for 12 months or more for a decision from the Home Office, then you might be able to ask for permission to work. If you are given permission to work, you will only be allowed to do certain jobs.If you do a job that is not on the allowed list, you could be told that you are working illegally and you could be told you are committing a crime.Sometimes this can be given as a reason for stopping your asylum support Asylum support is only provided to people who are experiencing destitution.If you start to receive enough income to support yourself through your job, then the Home Office can also say that you are no longer destitute and stop your asylum support. The rules on who can receive asylum support and who can work have changed recently. It is possible that they will change again so it is important to check this or seek legal advice if you plan to ask for permission to work.;1;;;;;
332;Right to Remain - Destitution and Housing;Third Sector;https://righttoremain.org.uk/toolkit/destitution-and-housing/;Housing & Homelessness;Safety Planning;The asylum and immigration systems are not safe. They are designed to be hostile, and the law is complicated. Learning about these systems through our toolkit can help you to understand your situation and your options. Sharing this information in our communities, and taking practical steps to support each other and build solidarity can help us prepare and organise for safer situations.;1;;;;;
333;Right to Remain - Destitution and Housing;Third Sector;https://righttoremain.org.uk/toolkit/destitution-and-housing/;Housing & Homelessness;Surviving the hostile environment: rights and restrictions;If your asylum claim has been refused and you cannot appeal again, or if your visa has ended and you cannot afford an application fee, you no longer meet the immigration rules, or you did not know what to do or could not get legal advice, you may feel unsure about what to do next. You might have been told that the country you are from is safe, and that you can return there, even if you know that you would not be safe. You may have lived in the UK for a long time and have stronger connections here than in the country you came from. You might not be able to get evidence that you want to submit, or you might be frustrated by some of the reasons why your case was refused. Understanding a refusal is important for knowing why you were refused and what information or evidence could be useful. Understanding the law can help you know how the Home Office will look at a new case and what information or evidence you need to provide. Many people in this situation may feel that they have no real choice but to stay in the UK, even if they have been told to leave. They may know that they could have no money or housing and they may not be able to work or get support.  Often people rely on their friends, family or their communities for support with a place to sleep, food, phone credit, toiletries, clothing and other everyday things we all need to live safely and with dignity while they think about their next steps. The reality is that many people will also choose to work, or depend on arrangements in exchange for money, food, accommodation and other things they need to survive. For some people, this can look and feel like community support and collective safety. For others, it can involve pressure,  unfair treatment or unsafe situations. Understanding the risks you may face can help you make informed choices and think about how to keep yourself safe. This includes risks linked to living in the UK without leave to remain, or doing something that your immigration status does not allow. These situations are often created by immigration rules that restrict people’s access to work, housing and support, so the choices available to you may already be very limited.;1;;;;;
334;Right to Remain - Destitution and Housing;Third Sector;https://righttoremain.org.uk/toolkit/destitution-and-housing/;Housing & Homelessness;Temporary shelter;If you have nowhere to live, you might be able to find a homelessness shelter in your local area.Shelters are usually temporary.This means that you might be told that you can only stay in the shelter at night, or for a short amount of time, and you usually can’t leave any belongings there. Sometimes, a shelter will say that they cannot help you because of your immigration status. This is usually because they can’t access any money to pay for people who have NRPF to stay in the shelter. If the weather is extreme (usually when it is very cold), the local government can issue a ‘severe weather provision’. This means that they can give you a place to stay while this is happening, even if you have NRPF, because the weather means it could be dangerous to sleep outside. If the weather is very cold, or there is a big storm, you can try to go to a local shelter and ask if there are any special provisions in place.;1;;;;;
335;Right to Remain - Destitution and Housing;Third Sector;https://righttoremain.org.uk/toolkit/destitution-and-housing/;Housing & Homelessness;Visa Sponsorship;If you are in the UK on a work visa, your permission to stay may be linked to an employer that has agreed to sponsor you.This usually means the employer has been approved by the Home Office to employ migrant workers and has given you a Certificate of Sponsorship for your visa application. Whilst many sponsors are genuine, there are some recruitment agencies that exploit migrant workers. This can include asking you to repay visa fees or sponsorship fees, or failing to give you enough hours or pay you as agreed. Sometimes employers will threaten to cancel your sponsorship if you complain or refuse to do what they tell you. If you are worried about your sponsor or employer, this does not necessarily mean that you have no options. Depending on your situation, you may be able to find a new sponsor, make a different application to stay in the UK, or get advice about other steps you can take.Read more about thishere.;1;;;;;
336;Right to Remain - Destitution and Housing;Third Sector;https://righttoremain.org.uk/toolkit/destitution-and-housing/;Housing & Homelessness;What is destitution?;Destitution means being in a situation where you cannot afford your basic needs like food, shelter, warmth and water.You might be facing destitution if you do not have enough money to pay your rent, to pay for food, to pay your bills, or to heat your home, or if you have nowhere to live. The word ‘destitute’ is sometimes used to describe a person who is experiencing destitution. On this page, we refer to ‘people experiencing destitution’ and ‘people who are made destitute’. Destitution can happen to anybody, and it can happen for many different reasons.If you have migrated to the UK, many of these reasons could relate to your immigration status. This is because different types of immigration status have different conditions which affect which support and services you can access. These restrictions  mean that migrant communities are at higher risk of being made destitute. Circumstances that might mean you are at a higher risk of destitution might include: • If you are not allowed to work in the UK • If you have been asked to leave your accommodation • If your income is not enough to cover your living costs • If there is a change in your circumstances e.g. you lose your job, or have a baby • If you are responsible for other people (for their living costs or their care) • If you have experienced exploitation or abuse;1;;;;;
337;Right to Remain - Destitution and Housing;Third Sector;https://righttoremain.org.uk/toolkit/destitution-and-housing/;Housing & Homelessness;What support can I get if I need somewhere to stay, or have no money?;If you are experiencing destitution, there are different types of support that you might be able to access.Some types of support are only given to people with a certain immigration status, and others depend on your circumstances including: • Your income and living costs • If you are responsible for a child • If you are caring for someone • If you have a medical condition that affects your ability to look after yourself • If you have a disability and need special equipment or care • If you have a mental health condition and have been kept in hospital because of this To understand which types of support you might qualify for, you will need to check and confirm your immigration status.If you are not sure about this, then you can ask for a copy of your home office records by making a subject access request.;1;;;;;
338;Right to Remain - Home Office Decision;Third Sector;https://righttoremain.org.uk/toolkit/decision/;Immigration Status;;On this page, you will find the following information: • What happens when the Home Office grants status?Refugee StatusWhat happens after you get refugee status?Humanitarian ProtectionOther leave to remainDiscretionary LeaveApplying for British Citizenship • What happens after you get refugee status? • Humanitarian Protection • Other leave to remainDiscretionary Leave • Discretionary Leave • Applying for British Citizenship • What happens after a Home Office refusal?Resources about refusals in other languages (Amharic, Arabic, Farsi, French, Oromo, Pashto, Sorani, Tigrinya)YouTube video on refusals • Resources about refusals in other languages (Amharic, Arabic, Farsi, French, Oromo, Pashto, Sorani, Tigrinya) • YouTube video on refusals • Do you have a right appeal?What if I don’t have a right appeal? • What if I don’t have a right appeal? • If you already have a legal aid lawyerIf your legal aid lawyer says they cannot continue to help you for your appeal • If your legal aid lawyer says they cannot continue to help you for your appeal • If you get asylum support (money and/or housing from the Home Office) • Actions you can take after being refused by the Home Office If the Home Office accepts your story and evidence and agrees that you need protection in the UK – they make a positive decision on your asylum claim – you will be granted leave to remain in the UK. You may hear this described as getting “immigration status”, “permission to stay in the UK”, or getting “papers”. You may be granted Refugee Status or Humanitarian Protection, or sometimes another form of leave to remain.;1;;;;;
339;Right to Remain - Home Office Decision;Third Sector;https://righttoremain.org.uk/toolkit/decision/;Immigration Status;ACTION SECTION;• Think about what might happen next, and make a plan of action.After a refusal, you need to think about what your options are and what might come next. If your asylum or human rights claim has been refused, use the diagram above to see what the process involves after this point.Read the section on appeal rights, above. Prepare yourself for the appeal if you have the right to appeal the decision. If you don’t have the right to appeal the decision, read our pages onjudicial reviews andfresh claims.If your lawyer says they can no longer work on your case, you can look for a new lawyer and think about how to explain your case is strong. Read more on ourinformation about lawyers page.If there are weaknesses in your case (where the Home Office say they do not believe you) can you get evidence to support your story? Read the Evidence sections above. You could use this to convince a new lawyer to take on your case, or to appeal the refusal if you have to continue without a lawyer. • Stay strong, and look after yourself.Going through the asylum system is very difficult and stressful. Sometimes it can be hard to think about anything else. But constant worry about your case can leave you feeling emotionally exhausted, and less able to cope with the process.Everyone has a different way of coping – think about what works for you. While your immigration status is of course very important, it’s also important to try and give yourself a break from thinking about it. Think about activities that can distract you or help you relax for at least a short period every day, which can help your mind and body recover a little.Talk to people you trust. You may be very upset or even feel ashamed if your application/claim is refused, but don’t hide it from people. You’re going to need people to help you – don’t be afraid to ask for their solidarity.Don’t leave it till it’s too late for them to do anything. • You may wish tospeak to your MPabout your refusal, especially if you don’t have the right to appeal. Think about how to explain what has happened clearly and calmly. What has gone wrong? Why is the decision unjust? What do you want your MP to do about it? Read morehere.;1;;;;;
340;Right to Remain - Home Office Decision;Third Sector;https://righttoremain.org.uk/toolkit/decision/;Immigration Status;Administrative review (Home Office review);If you do not have a right of appeal, your letter may say you can ask for anadministrative review. This is asking the Home Office to check whether they made a caseworking error. It can take 12 months or more to get the result.;1;;;;;
341;Right to Remain - Home Office Decision;Third Sector;https://righttoremain.org.uk/toolkit/decision/;Immigration Status;Discretionary Leave;Discretionary Leave (DL) is a type of temporary immigration status which is granted by the Home Office in ‘limited circumstances’. You cannot apply for Discretionary Leave from abroad, and it cannot be granted if you qualify for refugee status or humanitarian protection (HP) or for family or private life reasons. According to the Home Officeguidance, “where Discretionary Leave (DL) is granted, the duration of leave must be determined by considering the individual facts of the case but leave should not normally be granted for more than 30 months (2 and a half years) at a time. When an individual is granted an initial period of DL, this does not necessarily mean they will be entitled to further leave or to settlement. Subsequent periods of leave may be granted providing the applicant continues to meet the relevant criteria set out in the published policy on DL applicable at the time of the decision”. In somemodern slavery/traffickingcases, Discretionary Leave may be granted. This may be if asylum is refused or was not sought, but there are particular circumstances meaning that you, as a recognised victim of trafficking need to stay in the UK. This includes situations where you are assisting the police with inquiries, or where there are particularly compelling personal circumstances. Read more about the National Referral Mechanism and modern slavery in our Key Guidehere. Some medical cases may also result in Discretionary Leave, if removal would breach your Article 3 (right to protection from torture or degrading treatment) or Article 8 (right to private and family life) rights under theEuropean Convention on Human Rights(ECHR). If you have Discretionary Leave, you can apply forsettlementafter: • 6 years if you were first given Discretionary Leave on or before 8 July 2012 • 10 years if you were first given Discretionary Leave from 9 July 2012 • You must still meet the eligibility criteria for your type of leave. Check your documents to see what your criteria are If you have Discretionary Leave it costs£2,885 for you and each other person you includein your application for settlement. You’ll each need to have your biometric information (fingerprints and a photo) taken, too. You should apply for settlement during thelast month of your current permissionto be in the UK. You must apply online. Learn more about the application process and the form you will need to fill outhere. If your application for indefinite leave to remain isrefused, you might still be able to stay in the UK. Your decision letter will explain what you’ve been offered instead of indefinite leave to remain. In rare circumstances, another kind of leave calledRestricted Leavemay be granted. For example, if you are excluded from receiving Refugee Status or Humanitarian Protection, but your Article 3 rights under the ECHR would be breached if you were removed from the UK. Applying for permanent residence (Citizenship) in the UK If you are granted refugee status or humanitarian protection, you can apply for Indefinite Leave to Remain (ILR) in the UK after spending 5 years in the UK. ILR is sometimes called ‘settled status’. You can learn more about applying for ILRhere. After having ILR for 12 months, and if you meet the ‘good character’ requirements, you can apply for British citizenship. This is sometimes called ‘naturalisation’. You can learn more about applying for British citizenshiphere. If you have humanitarian protection, you will typically be granted5 years’leave to remain in the UK. At the end of this period, you will be eligible to apply for ILR (settled status) in the UK. After having ILR for 12 months, you will be able to apply for British citizenship. Important:If you are granted humanitarian protection after claiming asylumon or after 2 March 2026,you will now usually be given 30 months (2.5 years) permission to stay on the protection route. If your claim was made on or before 1 March 2026, the Rules keep the minimum 5 years grant for refugee status and humanitarian protection. What happens after a Home Office refusal? A Home Office refusal can feel shocking and upsetting. But it does not always mean your case is over.Some people can make a legal challenge. This is called anappeal(a judge looks at the Home Office decision).Read more about appealshere. If you have alawyeror legal adviser, contact themas soon as possible. If you do not have one, you can still take steps to protect your case.First, read your decision letter. You (and your lawyer, if you have one) will need to read the Home Office decision letter carefully. In asylum cases this is often called a Reasons for Refusal Letter (RFRL). It should explain whether you have aright of appeal(and the deadline), or a different review option and why the Home Office refused your case. If you are appealingin the UK, the Home Office says you usually have14 days from the date you received the decision letter. If you areoutside the UK, it is usually28 days from the date you received the decision letter. Always check what your letter says. Click on the buttons below for translated summaries of this section on refusals (or use the Google Translate tool in the top left hand corner): Video in other languages:;1;;;;;
342;Right to Remain - Home Office Decision;Third Sector;https://righttoremain.org.uk/toolkit/decision/;Immigration Status;Do you have a right of appeal?;Not all Home Office decisions come with a right of appeal. Your Home Office decision letter should tell you whether you have an appeal right. You can appeal a decision if the Home Office has: • refused your protection claim (also known as ‘asylum claim’ or ‘humanitarian protection’) • refused your human rights claim (this includes claims raising health, family and private life grounds) • revoked (this means taken away) your protection status • revoked your British citizenship • refused you a residence document or deported you under the Immigration (European Economic Area) Regulations 2016 • refused or revoked your status, varied (changed) the length or condition of your stay, or deported you under the EU Settlement Scheme • refused or revoked your travel permit or family permit under the EU Settlement Scheme or restricted your rights to enter or leave the UK under those permits • refused or revoked your permit, or deported you if you’re afrontier worker • refused or revoked your leave, or deported you if you’re anS2 healthcare visitor Some asylum or human rights claims are “certified” by the Home Office. This means the Home Office is saying your claim is clearly not true or clearly cannot succeed (they may use the words “clearly unfounded”). If your claim is certified (sometimes the letter may mention “section 94”), you usually cannot appeal from inside the UK. This does not always mean there is nothing you can do but you may need urgent legal advice about other options, for example a judicial review (a court challenge about whether the Home Office made the decision not to give you a right of appeal lawfully and fairly). If you have a lawyer and they think the Home Office decision is very bad and major errors have been made, they may contact the Home Office before making submitting an appeal to ask them to reconsider their decision. This is only likely to succeed in a very strong case. If you made another type of application (that isn’t in the list above)before6 April 2015 you may still have the right of appeal if your case is refused. See the Home Office website for more informationhere. If you are making a human rights claim when you are subject to deportation after a criminal sentence, the Home Office may certify the claim unless you can show that “serious and irreversible harm” would occur if you had to appeal outside of the UK. The Home Office is less likely to certify your claim if your child is a British citizen. Read more on theDeportation pageof this guide.;2;;;;;
343;Right to Remain - Home Office Decision;Third Sector;https://righttoremain.org.uk/toolkit/decision/;Immigration Status;If you already have a legal aid lawyer;If you have a legal aid lawyer (a lawyer paid for by theLegal Aid Agencybecause you cannot afford to pay), they may need to decide if they can keep representing you after a refusal. This is called amerits test.Merits test means the lawyer must check whether your appeal has a strong enough chance of success for legal aid funding. In general, legal aid usually requires the lawyer to assess that the case has at least a 50% chance of success (sometimes called “moderate” prospects). There are some exceptions in certain situations. This is a requirement of the Legal Aid Agency, not the lawyer’s personal choice. If you have a private lawyer (you pay fees), you will usually need to pay for the appeal work. They should still be honest with you about whether they think your appeal is strong enough to succeed, and explain their reasons. If your legal aid lawyer says they cannot continue to help you for your appeal: • ask them to explain the reasons clearly. If they tell you they are completing aCW4 formthen please readthis page. • ask what options you have next (for example, getting a second opinion) • Remember thedeadlinein your refusal letter. If your lawyer is closing your case, you can ask them to lodge (submit) your appeal onlinebeforethey close your file to help protect the deadline. If they agree to lodge it, ask them to confirm in writing that the appeal has been submitted, and to send you the date and time it was submitted, your Tribunal/HMCTS reference number (if available), and a copy of what they submitted. If you change lawyers, the new lawyer will usually need your HMCTS reference number to take over the appeal. • If they don’t agree then you can do it yourself online (or with the help of a trusted person) and keep looking for advice. If you get asylum support (money and/or housing from the Home Office) If you are getting asylum support, it should usually continue while your appeal is ongoing, as long as you lodge (submit) your appeal in time. That is why it is so important not to miss the appeal deadline in your refusal letter. It is also important to make sure the Home Office and your lawyer have your correct contact details, especially your email address and phone number, so you do not miss important messages about your decision, deadlines, or support.;1;;;;;
344;Right to Remain - Home Office Decision;Third Sector;https://righttoremain.org.uk/toolkit/decision/;Immigration Status;Judicial review (court challenge about how the decision was made);A judicial review is not the same as an appeal. An appeal is about the substance of your case. A judicial review is usually about whether the Home Office made the decision lawfully and fairly (the process). For example: did the Home Office follow the correct rules and take relevant evidence into account. A judicial review can also be used to challenge the Home Office decision torefuse you a right of appeal. Judicial review is complicated and has time limits. If you can, get legal advice as soon as possible. Read more on theJudicial Reviews page of this guide. If you have a right of appeal, the next step is to lodge your appeal in time. See ourPreparing your appeal pagefor what to do on the day you receive a refusal and the step-by-step process.;2;;;;;
345;Right to Remain - Home Office Decision;Third Sector;https://righttoremain.org.uk/toolkit/decision/;Immigration Status;What happens when the Home Office grants status after an asylum application?;"A grant of refugee status If the Home Office decides that you have a need for protection because you are at risk of persecution, and your claim falls under the grounds for protection in the Refugee Convention, you will be granted Refugee Status for a period of 5 years. After this time, you can apply forsettlement(also known as ‘indefinite leave to remain’) in the UK. After 1 year of settlement, you will be able to apply for British citizenship (a British passport).  You can read more about this in the ‘Applying for British Citizenship’section of this pagebelow.There are changes coming this year but as of March 2026, the 5 year route to settlement for protection routes remains in place. If you are granted refugee status after claiming asylumon or after 2 March 2026,you will usually be given 30 months (2.5 years) permission to stay on the protection route. If your asylum claim wasmade on or before 1 March 2026,the Rules keep the minimum 5 years grant for refugee status and humanitarian protection. • Someone claims asylum on 20 February 2026, but gets a decision granting refugee status (or Humanitarian Protection) on 10 June 2026 – they should be granted at least 5 years’ leave to remain because theirclaim dateisbefore2 March. • Someone claims asylum on 2 March 2026 and is granted refugee status (or Humanitarian Protection) on 10 June 2026 under the new rules they should be granted 30 months’ leave. The rules saythat unaccompanied asylum-seeking children (UASC) will still be given 5 years leave to remain.This means that if you were under 18 when you claimed asylum and you were alone (without a parent or legal guardian), you should still be given 5 years, not 30 months. This also applies if you turned 18 while waiting, but you would have been classed as a UASC if the decision had been made earlier. If you need to extend your permission to stay (“further permission to stay”), the rules say you should applywithin the last 28 daysbefore your leave is due to end. What happens after you receive refugee status? We know that although a grant of refugee status can be a big relief, it can also be a very overwhelming experience as many changes happen very quickly. We have a detailed Toolkit page which outlines what happens after you receive refugee status (including information on housing, family reunion, getting a bank account, receiving benefits, and more). A grant of humanitarian protection Refugee status (see above) should be granted if you can show you are at risk of specific,individualpersecution. If you are fleeing war or violence that is threatening or harmingmany peoplewhere you are from – not you specifically because of who you are – you maynotqualify for refugee status. If you are not at risk of individual persecution but you would be at risk of serious threat or harm if you returned to where you are from because of general violence (for example during a war or internal conflict), then you may be granted another form of immigration status calledHumanitarian Protection. This is often referred to as ‘protection status’. Paragraphs339C-CA of the Immigration Rulesset out the basis on which a person will be granted humanitarian protection: 339C. An asylum applicant will be granted humanitarian protection in the United Kingdom if the Secretary of State is satisfied that: (i) they are in the United Kingdom or have arrived at a port of entry in the United Kingdom; (ii) they are not a refugee within the meaning of Article 1 of the 1951 Refugee Convention; (iii) substantial grounds have been shown for believing that the person concerned, if returned to the country of origin would face a real risk of serious harm and is unable, or, owing to such risk, unwilling to avail themselves of the protection of that country; and (iv) they are not excluded from a grant of humanitarian protection. Serious harmincludes the death penalty, unlawful killing, torture or punishment in the country of origin, or a threat to life due to indiscriminate violence or armed conflict. If you qualify for refugee status, you willnotbe granted humanitarian protection, even if you specifically apply for it (paragraph 334of the Immigration Rules). People who receive humanitarian protection status are granted leave to remain for 5 years, and enjoy almost all of the same rights as those with refugee status.Important:If you are granted humanitarian protection after claiming asylumon or after 2 March 2026,you will now usually be given 30 months (2.5 years) permission to stay on the protection route. If your claim was made on or before 1 March 2026, the Rules keep the minimum 5 years grant for refugee status and humanitarian protection. If you are granted Humanitarian Protection and you would like totravel, you will either need to use your national passport or if you can show that you cannot do this, you canapply for a Certificate of Travelfrom the Home Office. If you receive a grant of Humanitarian Protection, you may apply forsettlement(indefinite leave to remain) in the UK if you fulfil the following requirements: • You have a residence card showing that you have humanitarian protection,and • You have had humanitarian protection status in the UK for 5 years. There isnoapplication fee for you to apply for settlement with Humanitarian Protection, and this will also apply to your partner or child. You should apply during thelast monthof your current permission to be in the UK. You must apply online. You can learn more about the application process and the form you will need to fill outhere. If your application for settlement isrefused, you might still be able to stay in the UK. Your decision letter from the Home Office will explain what you’ve been offered instead of indefinite leave to remain. Other leave to remain In some cases, your asylum claim may be refused but you may be granted another type of leave to remain in the UK. If you have applied for asylum, and that application is refused, you may be granted leave under the immigration rules (on human rights grounds, for example). You can read more about thishere. If you are anunaccompanied minorand there are not adequate reception arrangements in your country of origin, the Home Office may grant you limited leave to remain until you are 17.5 years old.";2;;;;;
346;Right to Remain - Toolkit Home;Third Sector;https://righttoremain.org.uk/toolkit/;General Orientation;A step-by-step guide to the UK asylum and immigration system;"The Right to Remain Toolkit is free to use, and it’s for people who want to learn more about the legal process, or a particular part of the legal process. You might be making an application or are thinking about it; you might be helping someone else to do so.";1;;;;;
347;Right to Remain - Toolkit Home;Third Sector;https://righttoremain.org.uk/toolkit/;General Orientation;Information and action;The information in this guide comes from experts – from people who are going through the legal process or have done in the past, from those helping them, from lawyers, from community groups. It covers different stages of the legal system and procedures, with detailed information on rights and options at each stage, and suggestions about actions you can take to be in a better situation, or to help someone else. Read more about this guide on theAbout page. Find the information you need for your situation using the contents bar on each page – there’s information about asylum cases, human rights cases, and immigration cases. Your situation might fall into more than one of these categories.;1;;;;;
348;Right to Remain - Toolkit Home;Third Sector;https://righttoremain.org.uk/toolkit/;General Orientation;Know your rights;Understanding the asylum and immigration system, and your own legal case, is very important. Many people have to make their way through this very complicated system without legal representation (without a lawyer). Even if you have a lawyer, it’s important to understand your own legal case – this is your case and your life and you need to keep track of what is happening and whether the lawyer is doing the things they should be.;1;;;;;